index,series_name,network,imdb,engagement,date_aired,run_time,format,monster_name,monster_gender,monster_type,monster_species,monster_real,monster_amount,suspects_amount,arrested,culprit_gender,culprit_amount,motive,split_up,another_mystery,set_a_trap,jeepers,jinkies,my_glasses,just_about_wrapped_up,zoinks,groovy,scooby_doo_where_are_you,rooby_rooby_roo
1,"Scooby Doo, Where Are You!",CBS,8.1,556.0,1969-09-13,21,TV Series,Black Knight,Male,Possessed Object,Object,False,1,2,True,Male,1,Theft,1.0,1.0,0.0,0.0,0.0,1.0,0.0,1.0,0.0,0.0,1.0
2,"Scooby Doo, Where Are You!",CBS,8.1,479.0,1969-09-20,22,TV Series,Ghost of Cptn. Cuttler,Male,Ghost,Human,False,1,2,True,Male,1,Theft,0.0,0.0,0.0,0.0,0.0,0.0,0.0,3.0,0.0,1.0,0.0
3,"Scooby Doo, Where Are You!",CBS,8.0,455.0,1969-09-27,21,TV Series,Phantom,Male,Ghost,Human,False,1,0,True,Male,1,Treasure,0.0,0.0,0.0,0.0,0.0,0.0,0.0,1.0,2.0,0.0,0.0
4,"Scooby Doo, Where Are You!",CBS,7.8,426.0,1969-10-04,21,TV Series,Miner 49'er,Male,Ancient,Human,False,1,2,True,Male,1,Natural Resource,1.0,0.0,0.0,0.0,0.0,0.0,0.0,2.0,1.0,0.0,0.0
5,"Scooby Doo, Where Are You!",CBS,7.5,391.0,1969-10-11,21,TV Series,Indian Witch Doctor,Female,Ancient,Human,False,1,1,True,Male,1,Competition,0.0,1.0,0.0,0.0,0.0,1.0,0.0,0.0,0.0,1.0,0.0
6,"Scooby Doo, Where Are You!",CBS,8.4,384.0,1969-10-18,21,TV Series,Ghost of Elias Kingston,Male,Ghost,Human,False,1,2,True,Male,1,Extortion,0.0,0.0,0.0,1.0,0.0,0.0,0.0,2.0,0.0,0.0,1.0
7,"Scooby Doo, Where Are You!",CBS,7.6,358.0,1969-10-25,21,TV Series,Ape Man,Male,Animal,Ape,False,1,1,True,Male,1,Competition,1.0,0.0,1.0,0.0,0.0,0.0,0.0,1.0,1.0,0.0,1.0
8,"Scooby Doo, Where Are You!",CBS,8.2,358.0,1969-11-01,21,TV Series,Charlie the Robot,Male,Mechanical,Robot,False,1,2,False,Female,1,Safety,0.0,0.0,1.0,0.0,0.0,1.0,0.0,0.0,0.0,1.0,1.0
9,"Scooby Doo, Where Are You!",CBS,8.1,371.0,1969-11-08,21,TV Series,Puppet Master,Male,Ghost,Human,False,1,1,True,Male,1,Counterfeit,0.0,0.0,0.0,0.0,0.0,0.0,0.0,0.0,0.0,0.0,1.0
10,"Scooby Doo, Where Are You!",CBS,8.0,346.0,1969-11-15,21,TV Series,Ghost Clown,Male,Ghost,Human,False,1,1,True,Male,1,Competition,0.0,0.0,0.0,0.0,0.0,0.0,0.0,0.0,0.0,2.0,0.0
11,"Scooby Doo, Where Are You!",CBS,8.5,379.0,1969-11-22,21,TV Series,"Werewolf,Dracula,Frankenstein's Monster","Male,Male,Male","Animal,Undead,Undead","Human,Human,Human",False,3,1,True,Male,1,Treasure,0.0,0.0,0.0,0.0,0.0,1.0,0.0,0.0,0.0,0.0,1.0
12,"Scooby Doo, Where Are You!",CBS,8.2,358.0,1969-11-29,21,TV Series,Mummy of Ankha,Male,Undead,Human,False,1,1,True,Male,1,Theft,1.0,0.0,0.0,0.0,0.0,0.0,0.0,6.0,1.0,0.0,3.0
13,"Scooby Doo, Where Are You!",CBS,8.4,356.0,1969-12-06,21,TV Series,"Zombie,Witch","Male,Female","Undead,Magician","Human,Human",False,2,2,True,"Male,Male",2,Theft,0.0,0.0,0.0,0.0,0.0,0.0,0.0,3.0,0.0,0.0,0.0
14,"Scooby Doo, Where Are You!",CBS,8.1,331.0,1969-12-13,22,TV Series,Ghost of Redbeard,Male,Ghost,Human,False,1,2,True,Male,1,Theft,0.0,0.0,0.0,0.0,0.0,0.0,0.0,5.0,0.0,1.0,0.0
15,"Scooby Doo, Where Are You!",CBS,8.4,372.0,1969-12-20,21,TV Series,Spooky Space Kook,Male,Extraterrestrial,Alien,False,1,1,True,Male,1,Competition,1.0,0.0,0.0,0.0,0.0,0.0,0.0,8.0,0.0,0.0,0.0
16,"Scooby Doo, Where Are You!",CBS,8.7,403.0,1970-01-10,21,TV Series,"Green Ghost,Green Ghost","Male,Male","Ghost,Ghost","Human,Human",False,2,3,True,"Male,Male",2,Inheritance,0.0,0.0,0.0,0.0,0.0,0.0,0.0,3.0,0.0,0.0,0.0
17,"Scooby Doo, Where Are You!",CBS,8.0,328.0,1970-01-17,21,TV Series,Snow Ghost,Male,Ghost,Yeti,False,1,3,True,Male,1,Theft,0.0,0.0,0.0,0.0,0.0,1.0,0.0,4.0,0.0,0.0,0.0
18,"Scooby Doo, Where Are You!",CBS,8.3,322.0,1970-09-12,21,TV Series,Ghost of Mr. Hyde,Male,Ghost,Human,False,1,2,True,Male,1,Theft,0.0,0.0,0.0,0.0,0.0,0.0,0.0,3.0,0.0,0.0,0.0
19,"Scooby Doo, Where Are You!",CBS,7.8,312.0,1970-09-19,21,TV Series,"Ghost of Zen Tuo,Scare Pair,Scare Pair","Male,Male,Male","Ghost,Ghost,Ghost","Human,Human,Human",False,3,1,True,Male,1,Smuggling,1.0,0.0,1.0,0.0,0.0,0.0,0.0,3.0,0.0,0.0,0.0
20,"Scooby Doo, Where Are You!",CBS,7.7,301.0,1970-09-26,21,TV Series,Caveman,Male,Ancient,Human,False,1,2,True,Male,1,Theft,0.0,0.0,0.0,0.0,0.0,0.0,0.0,7.0,0.0,0.0,0.0
21,"Scooby Doo, Where Are You!",CBS,8.5,347.0,1970-10-03,21,TV Series,Creeper,Male,Ghost,Human,False,1,2,True,Male,1,Theft,0.0,0.0,0.0,0.0,0.0,1.0,0.0,7.0,0.0,0.0,0.0
22,"Scooby Doo, Where Are You!",CBS,8.4,303.0,1970-10-10,21,TV Series,Headless Specter,Male,Ghost,Human,False,1,1,False,Male,1,Treasure,0.0,0.0,0.0,0.0,0.0,0.0,0.0,0.0,0.0,0.0,0.0
23,"Scooby Doo, Where Are You!",CBS,7.9,292.0,1970-10-17,21,TV Series,"Witch Doctor,Mano Tiki Tia","Female,Male","Ancient,Possessed Object","Human,Object",False,2,1,True,Male,1,Theft,0.0,1.0,1.0,0.0,0.0,0.0,0.0,6.0,0.0,1.0,0.0
24,"Scooby Doo, Where Are You!",CBS,8.2,292.0,1970-10-24,21,TV Series,Werewolf,Male,Animal,Human,False,1,0,True,Male,1,Smuggling,1.0,1.0,1.0,0.0,0.0,0.0,0.0,0.0,0.0,0.0,0.0
25,"Scooby Doo, Where Are You!",CBS,7.9,282.0,1970-10-31,21,TV Series,Wax Phantom,Male,Ghost,Human,False,1,3,True,Male,1,Theft,0.0,0.0,1.0,0.0,0.0,0.0,0.0,4.0,0.0,1.0,0.0
26,The New Scooby-Doo Movies,CBS,6.9,138.0,1972-09-09,43,TV Series,"Giant Bat,Geronimo,Gunslinger,Robot Gunslinger,Cactus","Male,Male,Male,Male,None","Animal,Ancient,Ancient,Mechanical,Plant","Bat,Human,Human,Robot,Cactus",False,2,2,True,"Male,Male",2,Natural Resource,0.0,0.0,0.0,0.0,0.0,0.0,0.0,1.0,0.0,1.0,0.0
27,The New Scooby-Doo Movies,CBS,7.8,232.0,1972-09-16,41,TV Series,"Hooded Man,Skeletons","Male,Male","Disguised,Skeleton","Human,Human",False,2,1,True,Female,1,Counterfeit,0.0,0.0,0.0,0.0,0.0,1.0,0.0,3.0,0.0,3.0,3.0
28,The New Scooby-Doo Movies,CBS,7.9,119.0,1972-09-23,41,TV Series,The Vulture,Female,Animal,Vulture,False,1,2,False,"Male,Female",2,Safety,0.0,0.0,0.0,0.0,0.0,0.0,0.0,0.0,0.0,0.0,0.0
29,The New Scooby-Doo Movies,CBS,7.9,116.0,1972-09-30,43,TV Series,Scarecrow,Male,Possessed Object,Human,False,1,4,True,Male,1,Treasure,0.0,0.0,0.0,1.0,1.0,0.0,0.0,9.0,0.0,0.0,0.0
30,The New Scooby-Doo Movies,CBS,7.9,111.0,1972-10-07,43,TV Series,"Ghost of Captain Moody,Ghost of Captain Moody","Male,Male","Ghost,Ghost","Human,Human",False,2,1,True,"Male,Male",2,Inheritance,0.0,0.0,0.0,0.0,0.0,0.0,0.0,0.0,0.0,0.0,0.0
31,The New Scooby-Doo Movies,CBS,7.7,88.0,1972-10-14,41,TV Series,"The Gargoyle,Phantoms,Phantoms","Male,Male,Male","Possessed Object,Ghost,Ghost","Gargoyle,Human,Human",False,3,4,True,Male,1,Theft,0.0,0.0,0.0,0.0,1.0,0.0,0.0,1.0,0.0,1.0,1.0
32,The New Scooby-Doo Movies,CBS,7.8,90.0,1972-10-21,41,TV Series,"Ghost,Sheik,Mummy,Pirate,Dragon,Wolfman,Grizzly Bear,Indian,Mr. Hyde","Male,Male,Male,Male,Male,Male,Male,Male,Male","Ghost,Disguised,Undead,Disguised,Animal,Animal,Animal,Ancient,Disguised","Human,Human,Human,Human,Dragon,Human,Bear,Human,Human",False,9,4,False,Male,1,Preservation,0.0,0.0,0.0,0.0,1.0,0.0,0.0,0.0,0.0,1.0,0.0
33,The New Scooby-Doo Movies,CBS,8.5,109.0,1972-10-28,41,TV Series,"Shark Men,Shark Men","Male,Male","Animal,Animal","Shark,Shark",False,2,2,True,Male,1,Treasure,0.0,0.0,0.0,0.0,0.0,0.0,0.0,1.0,0.0,1.0,0.0
34,The New Scooby-Doo Movies,CBS,7.7,96.0,1972-11-04,43,TV Series,"Skeleton Man,Lady Ghost,3-Eyed Spook,Giant,Brontosaurus,Headless Horsemen of Sleepy Hollow,Skeleton Stage Driver","Male,Female,Male,Male,Male,Male,Male","Undead,Ghost,Ghost,Ghost,Ancient,Ghost,Ghost","Human,Human,Human,Human,Dinosaur,Human,Human",False,7,2,True,Male,1,Theft,1.0,0.0,0.0,0.0,1.0,0.0,0.0,0.0,0.0,0.0,0.0
35,The New Scooby-Doo Movies,CBS,8.3,118.0,1972-11-11,43,TV Series,The Ghost of Bigfoot,Male,Ghost,Big Foot,False,1,4,True,Male,1,Theft,0.0,0.0,0.0,0.0,1.0,0.0,0.0,0.0,0.0,0.0,0.0
36,The New Scooby-Doo Movies,CBS,7.6,86.0,1972-11-18,43,TV Series,Ghost of the Red Baron,Male,Ghost,Human,False,1,3,True,Male,1,Competition,0.0,0.0,0.0,0.0,0.0,0.0,0.0,1.0,0.0,0.0,3.0
37,The New Scooby-Doo Movies,CBS,7.4,90.0,1972-11-25,43,TV Series,"Ghost of Redbeard,Ghost of Redbeard's crew,Ghost of Redbeard's crew,Ghost of Redbeard's crew","Male,Male,Male,Male","Ghost,Ghost,Ghost,Ghost","Human,Human,Human,Human",False,4,1,True,Male,1,Natural Resource,0.0,0.0,0.0,0.0,1.0,0.0,0.0,0.0,1.0,1.0,1.0
38,The New Scooby-Doo Movies,CBS,7.8,86.0,1972-12-02,41,TV Series,"Haunted Horseman,Moat Monster","Male,Male","Ghost,Animal","Human,Frog",False,2,4,False,"Male,Male",2,Competition,0.0,0.0,0.0,0.0,1.0,0.0,0.0,1.0,0.0,0.0,0.0
39,The New Scooby-Doo Movies,CBS,7.6,81.0,1972-12-09,41,TV Series,"Possessed Viking Mannequin,Possessed Davy Crockett Mannequin","Male,Male","Possessed Object,Possessed Object","Human,Human",False,2,2,True,"Female,Male",2,Theft,0.0,0.0,0.0,0.0,0.0,0.0,0.0,1.0,0.0,1.0,0.0
40,The New Scooby-Doo Movies,CBS,7.2,183.0,1972-12-16,43,TV Series,"Dryad,Troll","Male,Male","Mythical,Mythical","Dryad,Troll",False,2,2,True,"Male,Male",2,Theft,0.0,0.0,0.0,1.0,1.0,0.0,0.0,5.0,0.0,1.0,1.0
41,The New Scooby-Doo Movies,CBS,7.9,114.0,1972-12-23,43,TV Series,"Sea Serpent,Ghost of Paul Revere,Minuteman Ghost,Redcoat Ghost","Male,Male,Male,Male","Mythical,Ghost,Ghost,Ghost","Serpent,Human,Human,Human",False,4,4,True,"Male,Male,Male",3,Treasure,0.0,0.0,0.0,0.0,0.0,0.0,0.0,0.0,0.0,0.0,0.0
42,The New Scooby-Doo Movies,CBS,7.4,103.0,1973-09-08,44,TV Series,"Hooded Ghosts,Hooded Ghosts,Hooded Ghosts","Male,Male,Male","Ghost,Ghost,Ghost","Human,Human,Human",False,3,2,False,"Male,Male,Male",3,Competition,0.0,0.0,0.0,0.0,0.0,0.0,0.0,0.0,0.0,0.0,0.0
43,The New Scooby-Doo Movies,CBS,7.9,82.0,1973-09-15,43,TV Series,"Ghost of Injun Joe,Ghost of Captain Scavenger","Male,Male","Ghost,Ghost","Human,Human",False,2,3,True,"Male,Male",2,Counterfeit,1.0,0.0,0.0,0.0,1.0,0.0,0.0,0.0,0.0,0.0,0.0
44,The New Scooby-Doo Movies,CBS,7.5,82.0,1973-09-22,43,TV Series,Jadal,Male,Mythical,Genie,True,1,3,True,Male,1,Competition,0.0,0.0,0.0,1.0,1.0,0.0,0.0,0.0,0.0,0.0,2.0
45,The New Scooby-Doo Movies,CBS,7.4,73.0,1973-09-29,43,TV Series,Spirit of Fireball McPhan,Male,Ghost,Human,False,1,3,True,"Male,Male",2,Competition,1.0,0.0,0.0,0.0,0.0,0.0,0.0,0.0,0.0,0.0,0.0
46,The New Scooby-Doo Movies,CBS,7.6,85.0,1973-10-06,44,TV Series,"Cat Creature,Frankenstein,Creepy Man,Ghost Bird,Unknown Exterminator,Ghostly Man,Invisible Couple,Sea Monster","Male,Male,Male,Male,Male,Male,Male,Male","Animal,Undead,Disguised,Animal,Disguise,Ghost,Ghost,Animal","Human,Human,Human,Bird,Human,Human,Human,Fish",False,8,1,False,"Male,Male",2,Competition,0.0,0.0,0.0,0.0,2.0,0.0,0.0,0.0,0.0,0.0,0.0
47,The New Scooby-Doo Movies,CBS,7.3,91.0,1973-10-13,44,TV Series,"Windmakers,Windmakers,Windmakers,Windmakers","Male,Male,Male,Male","Disguised,Disguised,Disguised,Disguised","Human,Human,Human,Human",False,4,2,True,Male,1,Competition,0.0,0.0,0.0,0.0,0.0,0.0,0.0,0.0,0.0,0.0,1.0
48,The New Scooby-Doo Movies,CBS,7.8,104.0,1973-10-20,43,TV Series,"Green Globs,Green Globs","Male,Male","Possessed Object,Possessed Object","Human,Human",False,2,2,True,"Male,Male",2,Smuggling,0.0,0.0,0.0,0.0,2.0,0.0,0.0,0.0,0.0,0.0,0.0
49,The New Scooby-Doo Movies,CBS,7.6,92.0,1973-10-27,43,TV Series,Ghostly Strongman,Male,Ghost,Human,False,1,0,True,Male,1,Competition,0.0,0.0,0.0,0.0,1.0,0.0,0.0,0.0,0.0,0.0,0.0
50,The Scooby-Doo Show,ABC,7.6,112.0,1976-09-11,24,TV Series,"Specter of Ebenezer Crabbe,Ghost of Netty Crabbe","Male,Female","Ghost,Ghost","Human,Human",False,2,4,True,"Male,Male",2,Theft,0.0,0.0,0.0,0.0,2.0,0.0,0.0,6.0,0.0,0.0,0.0
51,"Dynomutt, Dogwonder",ABC,7.2,12.0,1976-09-11,22,Crossover,"Mr. Hyde,Snitch","Male,Male","Disguised,Animal","Human,Hound",True,1,2,True,Male,1,Theft,0.0,0.0,1.0,0.0,0.0,0.0,0.0,3.0,0.0,0.0,0.0
52,The Scooby-Doo Show,ABC,7.4,97.0,1976-09-18,24,TV Series,"Ghost of King Katazuma,Aztec Statue Monster","Male,Male","Ghost,Possessed Object","Human,Human",False,2,4,True,"Male,Female",2,Treasure,0.0,1.0,0.0,0.0,0.0,0.0,0.0,8.0,0.0,0.0,1.0
54,The Scooby-Doo Show,ABC,7.5,95.0,1976-09-25,24,TV Series,Ghost of Gator Ghoul,Male,Ghost,Alligator,False,1,4,True,Female,1,Competition,0.0,1.0,0.0,1.0,1.0,0.0,0.0,1.0,0.0,0.0,0.0
55,The Scooby-Doo Show,ABC,8.0,101.0,1976-10-02,24,TV Series,10000 Volt Ghost,Male,Ghost,Human,False,1,3,True,"Male,Male",2,Competition,1.0,0.0,0.0,0.0,0.0,0.0,0.0,5.0,0.0,0.0,4.0
56,The Scooby-Doo Show,ABC,8.0,127.0,1976-10-09,24,TV Series,Headless Horseman,Male,Ghost,Human,False,1,4,True,Male,1,Theft,0.0,0.0,0.0,0.0,0.0,0.0,0.0,10.0,0.0,0.0,0.0
57,The Scooby-Doo Show,ABC,7.6,93.0,1976-10-16,24,TV Series,"Ghost of Merlin,Black Knight","Male,Male","Ghost,Possessed Object","Human,Human",False,2,3,True,Male,1,Theft,0.0,0.0,1.0,0.0,0.0,0.0,0.0,3.0,0.0,0.0,1.0
58,The Scooby-Doo Show,ABC,8.2,99.0,1976-10-23,24,TV Series,Ghost of Dr. Coffin,Male,Ghost,Human,False,1,2,True,Male,1,Smuggling,1.0,0.0,0.0,4.0,0.0,0.0,0.0,13.0,0.0,0.0,1.0
59,The Scooby-Doo Show,ABC,7.7,91.0,1976-10-30,24,TV Series,"No-Face Zombie,Gorilla","Male,Male","Undead,Animal","Human,Gorilla",False,2,5,True,Male,1,Theft,0.0,0.0,0.0,0.0,0.0,0.0,0.0,8.0,0.0,0.0,0.0
60,The Scooby-Doo Show,ABC,7.0,81.0,1976-11-06,24,TV Series,"Mamba Wamba,Zombie Lila,Mamba Zombie,","Male,Female,Male","Ghost,Undead,Undead","Human,Human,Human",False,3,5,True,"Male,Female",2,Extortion,2.0,0.0,0.0,2.0,1.0,0.0,0.0,9.0,0.0,0.0,0.0
61,The Scooby-Doo Show,ABC,7.4,84.0,1976-11-13,24,TV Series,Demon,Male,Mythical,Demon,False,3,4,True,Male,1,Theft,1.0,0.0,0.0,5.0,1.0,0.0,1.0,12.0,0.0,0.0,1.0
62,"Dynomutt, Dogwonder",ABC,6.3,7.0,1976-11-13,22,Crossover,Swamp Rat,Male,Animal,Rat,False,1,0,True,Male,2,Theft,0.0,0.0,0.0,0.0,2.0,0.0,0.0,3.0,0.0,0.0,0.0
63,The Scooby-Doo Show,ABC,6.8,84.0,1976-11-20,24,TV Series,"Tamuka the Ghost Bull,Medicine Man Ghost,Talking Bull","Male,Male,Male","Ghost,Ghost,Animal","Bull,Human,Bull",False,3,5,True,"Male,Male,Male",3,Theft,0.0,1.0,0.0,0.0,3.0,1.0,1.0,4.0,0.0,1.0,1.0
64,The Scooby-Doo Show,ABC,7.2,80.0,1976-11-25,24,TV Series,Demon Shark,Male,Mythical,Shark,False,1,4,True,Male,1,Smuggling,0.0,1.0,0.0,0.0,1.0,0.0,0.0,7.0,0.0,0.0,2.0
65,The Scooby-Doo Show,ABC,7.3,77.0,1976-11-27,24,TV Series,"Ghost of Captain Pescado,Kelp Monster,Octopus Monster","Male,Male,Male","Ghost,Plant,Animal","Human,Kelp,Octopus",False,3,2,True,Male,1,Treasure,0.0,0.0,0.0,0.0,0.0,0.0,0.0,7.0,0.0,0.0,0.0
66,The Scooby-Doo Show,ABC,6.8,75.0,1976-12-04,24,TV Series,Rambling Ghost,Male,Ghost,Human,False,1,6,True,Male,1,Competition,1.0,1.0,0.0,1.0,0.0,0.0,0.0,8.0,0.0,0.0,2.0
67,The Scooby-Doo Show,ABC,7.7,84.0,1976-12-11,24,TV Series,"Strawberry Technicolor Phantom,Chocolate Technicolor Phantom,Vanilla Technicolor Phantom","Male,Male,Male","Ghost,Ghost,Ghost","Human,Human,Human",False,3,2,True,Male,1,Theft,0.0,0.0,0.0,0.0,0.0,0.0,0.0,5.0,0.0,0.0,2.0
68,The Scooby-Doo Show,ABC,7.5,81.0,1976-12-18,24,TV Series,"Ghost of Benedict Arnold,Ghost of William Demont,Ghost of Major Andre","Male,Male,Male","Ghost,Ghost,Ghost","Human,Human,Human",False,3,3,True,"Male,Male",2,Counterfeit,1.0,0.0,0.0,0.0,1.0,0.0,0.0,3.0,0.0,0.0,1.0
69,The Scooby-Doo Show,ABC,7.4,71.0,1977-09-10,24,TV Series,"Viking Ghost,Viking Ghost,Viking Ghost","Male,Male,Male","Ghost,Ghost,Ghost","Human,Human,Human",False,3,3,True,Male,1,Natural Resource,2.0,1.0,0.0,3.0,0.0,0.0,0.0,8.0,0.0,0.0,1.0
72,The Scooby-Doo Show,ABC,8.2,104.0,1977-09-17,24,TV Series,Gramps the Vamp,Male,Undead,Human,False,1,5,True,Male,1,Competition,0.0,0.0,1.0,0.0,1.0,0.0,0.0,11.0,0.0,1.0,0.0
75,The Scooby-Doo Show,ABC,7.4,76.0,1977-09-24,24,TV Series,Pterodactyl Ghost,Male,Ghost,Dinosaur,False,1,2,True,Male,1,Theft,0.0,0.0,0.0,3.0,0.0,0.0,0.0,10.0,0.0,0.0,1.0
78,The Scooby-Doo Show,ABC,7.9,77.0,1977-10-01,24,TV Series,Phantom of Milo Booth,Male,Ghost,Human,False,1,6,True,Male,1,Competition,1.0,0.0,0.0,0.0,2.0,0.0,1.0,10.0,0.0,0.0,1.0
81,The Scooby-Doo Show,ABC,7.4,75.0,1977-10-08,24,TV Series,Phantom Racer,Male,Ghost,Human,False,1,4,True,Male,1,Theft,1.0,0.0,0.0,7.0,0.0,0.0,0.0,10.0,0.0,0.0,1.0
84,The Scooby-Doo Show,ABC,8.1,78.0,1977-10-15,24,TV Series,"Ghost of Witch McCoy,Zombie","Female,Male,","Ghost,Undead","Human,Human",False,2,3,True,"Female,Male",2,Smuggling,2.0,0.0,0.0,1.0,0.0,0.0,1.0,9.0,0.0,0.0,1.0
87,The Scooby-Doo Show,ABC,7.7,78.0,1977-10-22,24,TV Series,Futuristic Monster,Male,Animal,Insect,False,1,2,True,"Male,Male",2,Theft,1.0,0.0,0.0,7.0,0.0,0.0,0.0,8.0,0.0,0.0,1.0
90,The Scooby-Doo Show,ABC,7.4,71.0,1977-10-29,24,TV Series,"Creepy Heap from the Deep,Soulless Captain Clements","Male,Male","Animal,Undead","Sea-Monster,Human",False,2,2,True,"Male,Male",2,Smuggling,0.0,0.0,1.0,0.0,2.0,0.0,0.0,10.0,0.0,0.0,1.0
109,The Scooby-Doo Show,ABC,7.5,96.0,1978-09-09,22,TV Series,"Willawa,Owl Men,Owl Men","Male,Male,Male","Animal,Animal,Animal","Owl,Owl,Owl",False,3,1,True,Male,1,Smuggling,0.0,0.0,0.0,4.0,0.0,0.0,0.0,10.0,0.0,0.0,0.0
112,The Scooby-Doo Show,ABC,7.3,101.0,1978-09-16,23,TV Series,"Skeleton Men,Skeleton Men,Skeleton Men","Male,Male,Male","Undead,Undead,Undead","Human,Human,Human",False,3,2,True,Male,1,Theft,0.0,0.0,0.0,2.0,1.0,0.0,0.0,9.0,0.0,0.0,1.0
115,The Scooby-Doo Show,ABC,7.1,98.0,1978-09-23,23,TV Series,Snow Beast,Male,Animal,Snow-Monster,False,1,3,True,Male,1,Natural Resource,0.0,0.0,0.0,6.0,0.0,0.0,1.0,8.0,0.0,1.0,1.0
118,The Scooby-Doo Show,ABC,8.0,107.0,1978-09-30,23,TV Series,Ghost Witch of Old Salem,Female,Ghost,Human,False,1,3,True,"Female,Male",2,Inheritance,0.0,0.0,0.0,3.0,0.0,0.0,0.0,7.0,0.0,0.0,1.0
121,The Scooby-Doo Show,ABC,7.6,92.0,1978-10-07,22,TV Series,Tar Monster,Male,Possessed Object,Creature,False,1,3,True,Male,1,Treasure,0.0,0.0,0.0,7.0,2.0,0.0,0.0,9.0,0.0,2.0,1.0
124,The Scooby-Doo Show,ABC,7.7,90.0,1978-10-14,23,TV Series,"Ghost of Finnyan McDuff,Loch Ness Monster","Male,Female","Ghost,Mythical","Human,Dinosaur",False,2,3,True,Male,1,Smuggling,0.0,0.0,0.0,4.0,1.0,0.0,0.0,7.0,0.0,0.0,1.0
127,The Scooby-Doo Show,ABC,7.7,80.0,1978-10-21,23,TV Series,Old Iron Face,Male,Disguised,Human,False,1,3,True,Female,1,Smuggling,0.0,0.0,0.0,6.0,2.0,0.0,0.0,9.0,0.0,1.0,1.0
130,The Scooby-Doo Show,ABC,7.2,91.0,1978-10-28,22,TV Series,Jaguaro,Male,Animal,Jungle-Monster,False,1,4,True,"Male,Male",2,Natural Resource,0.0,0.0,0.0,7.0,2.0,0.0,0.0,8.0,0.0,0.0,1.0
133,The Scooby-Doo Show,ABC,8.0,88.0,1978-11-04,23,TV Series,Cat Creature,Male,Animal,Cat,False,1,3,True,Male,1,Theft,0.0,1.0,0.0,0.0,0.0,0.0,0.0,0.0,0.0,1.0,0.0
134,The Scooby-Doo Show,ABC,7.5,80.0,1978-11-11,23,TV Series,Mantis,Male,Animal,Mantis,False,1,4,True,Male,1,Natural Resource,0.0,0.0,0.0,0.0,0.0,0.0,0.0,0.0,0.0,1.0,0.0
135,The Scooby-Doo Show,ABC,7.5,84.0,1978-11-18,23,TV Series,Phantom,Male,Ghost,Human,False,1,6,True,Male,1,Smuggling,0.0,0.0,0.0,0.0,0.0,0.0,0.0,0.0,0.0,0.0,3.0
136,The Scooby-Doo Show,ABC,7.5,85.0,1978-11-25,23,TV Series,Moon Monster,Male,Ghost,Beast,False,1,3,True,Male,1,Theft,0.0,0.0,0.0,0.0,0.0,0.0,0.0,0.0,0.0,0.0,2.0
137,The Scooby-Doo Show,ABC,7.5,92.0,1978-12-02,23,TV Series,Ghostly Gondolier,Male,Ghost,Human,False,1,4,True,Male,1,Treasure,0.0,0.0,0.0,0.0,2.0,0.0,0.0,4.0,0.0,0.0,1.0
138,The Scooby-Doo Show,ABC,7.2,83.0,1978-12-09,23,TV Series,Ghost of Juan Carlos,Male,Ghost,Human,False,1,5,True,Male,1,Treasure,0.0,0.0,0.0,0.0,1.0,0.0,0.0,3.0,0.0,1.0,1.0
139,The Scooby-Doo Show,ABC,6.8,84.0,1978-12-16,23,TV Series,"Anthos,Devil Hound","Male,Male","Ancient,Animal","Human,Hound",False,2,4,True,"Male,Male",2,Competition,0.0,0.0,0.0,0.0,4.0,0.0,0.0,1.0,0.0,0.0,1.0
140,The Scooby-Doo Show,ABC,7.1,84.0,1978-12-23,23,TV Series,Beast of Bottomless Lake,Male,Animal,Sea-Monster,False,1,4,True,Female,1,Smuggling,0.0,0.0,0.0,0.0,3.0,0.0,0.0,4.0,0.0,0.0,1.0
141,Scooby-Doo and Scrappy-Doo (first series),ABC,7.6,67.0,1979-09-22,21,TV Series,Blue Scarab,Male,Disguised,Human,False,1,4,True,Male,1,Competition,0.0,0.0,0.0,0.0,1.0,0.0,0.0,3.0,0.0,0.0,0.0
142,Scooby-Doo and Scrappy-Doo (first series),ABC,7.6,59.0,1979-09-29,21,TV Series,Night Ghoul,Male,Undead,Human,False,1,4,True,Male,1,Theft,1.0,0.0,0.0,0.0,3.0,0.0,0.0,2.0,0.0,0.0,1.0
143,Scooby-Doo and Scrappy-Doo (first series),ABC,7.6,54.0,1979-10-06,21,TV Series,Alien,Male,Extraterrestrial,Alien,False,1,3,True,Female,1,Smuggling,0.0,0.0,0.0,0.0,2.0,0.0,0.0,10.0,0.0,0.0,0.0
144,Scooby-Doo and Scrappy-Doo (first series),ABC,7.4,55.0,1979-10-13,21,TV Series,Neon Phantom,Male,Ghost,Human,False,1,3,True,Male,1,Competition,0.0,0.0,0.0,0.0,3.0,0.0,0.0,4.0,0.0,0.0,1.0
145,Scooby-Doo and Scrappy-Doo (first series),ABC,7.5,51.0,1979-10-20,21,TV Series,"Snake Demon,Clown","Male,Male","Animal,Disguised","Snake,Human",False,2,4,True,Male,1,Smuggling,0.0,0.0,0.0,0.0,1.0,0.0,0.0,3.0,0.0,0.0,1.0
146,Scooby-Doo and Scrappy-Doo (first series),ABC,7.4,51.0,1979-10-27,21,TV Series,Sky Skeleton,Male,Undead,Human,False,1,4,True,Male,1,Natural Resource,0.0,0.0,0.0,1.0,4.0,0.0,0.0,8.0,0.0,0.0,0.0
147,Scooby-Doo and Scrappy-Doo (first series),ABC,7.5,51.0,1979-11-03,21,TV Series,Dragon Beast,Male,Mythical,Dragon,False,1,3,True,Male,1,Theft,1.0,0.0,0.0,1.0,0.0,0.0,0.0,3.0,0.0,0.0,1.0
148,Scooby-Doo and Scrappy-Doo (first series),ABC,7.3,53.0,1979-11-10,21,TV Series,Devil Bear,Male,Animal,Bear,False,1,4,True,Male,1,Treasure,0.0,0.0,0.0,1.0,1.0,0.0,0.0,2.0,0.0,0.0,1.0
149,Scooby-Doo and Scrappy-Doo (first series),ABC,7.6,47.0,1979-11-17,21,TV Series,Sea Beast of the Aztecs,Male,Animal,Sea-Monster,False,1,2,True,Male,1,Treasure,0.0,0.0,0.0,0.0,3.0,0.0,0.0,6.0,0.0,0.0,1.0
150,Scooby-Doo and Scrappy-Doo (first series),ABC,8.0,52.0,1979-11-24,21,TV Series,Lady Vampire of the Bat,Female,Undead,Human,False,1,3,True,Female,1,Theft,0.0,0.0,0.0,0.0,3.0,0.0,0.0,3.0,0.0,0.0,1.0
151,Scooby-Doo and Scrappy-Doo (first series),ABC,7.2,48.0,1979-12-01,21,TV Series,Star Creature,Male,Extraterrestrial,Star,False,1,4,True,Male,1,Theft,0.0,0.0,0.0,2.0,1.0,0.0,0.0,5.0,0.0,0.0,1.0
152,Scooby-Doo and Scrappy-Doo (first series),ABC,7.7,52.0,1979-12-08,21,TV Series,Shadow Creature,Male,Animal,Creature,False,1,4,True,Male,1,Theft,0.0,0.0,0.0,2.0,2.0,0.0,0.0,2.0,0.0,0.0,1.0
154,Scooby-Doo and Scrappy-Doo (first series),ABC,7.5,48.0,1979-12-15,21,TV Series,Ghost of Jeremiah Pratt,Male,Ghost,Human,False,1,3,True,Male,1,Treasure,0.0,0.0,0.0,0.0,5.0,0.0,0.0,8.0,0.0,0.0,1.0
155,Scooby-Doo and Scrappy-Doo (first series),ABC,7.3,47.0,1979-12-22,21,TV Series,Ghost of the Great Haldane,Male,Ghost,Human,False,1,4,True,Male,1,Theft,1.0,0.0,0.0,3.0,2.0,0.0,0.0,2.0,0.0,0.0,1.0
156,Scooby-Doo and Scrappy-Doo (first series),ABC,7.5,46.0,1979-12-29,21,TV Series,Minotaur,Male,Mythical,Minotaur,False,1,3,True,Male,1,Treasure,0.0,0.0,0.0,0.0,5.0,0.0,0.0,4.0,0.0,0.0,1.0
268,The New Scooby-Doo Mysteries,ABC,7.2,45.0,1984-09-08,23,TV Series,Red Skull,Male,Disguised,Human,False,1,4,True,Male,1,Theft,2.0,0.0,0.0,0.0,1.0,0.0,0.0,0.0,0.0,0.0,1.0
277,The New Scooby-Doo Mysteries,ABC,6.9,36.0,1984-10-13,23,TV Series,"Zombies,Zombies,Zombies,Zombies","Male,Male,Male,Male","Undead,Undead,Undead,Undead","Human,Human,Human,Human",False,4,4,True,"Female,Male,Male,Male",4,Treasure,0.0,0.0,0.0,0.0,1.0,0.0,0.0,3.0,0.0,0.0,1.0
280,The New Scooby-Doo Mysteries,ABC,8.0,47.0,1984-10-27,23,TV Series,Ghost of Dr. Van Helsing,Male,Ghost,Human,False,1,4,False,"Male,Female",2,Theft,0.0,0.0,0.0,0.0,1.0,0.0,0.0,4.0,0.0,0.0,0.0
302,A Pup Named Scooby-Doo,ABC,7.3,68.0,1988-09-10,23,TV Series,Ghost,Male,Ghost,Human,False,1,2,True,Male,1,Counterfeit,2.0,0.0,0.0,0.0,3.0,1.0,0.0,5.0,0.0,1.0,1.0
303,A Pup Named Scooby-Doo,ABC,7.5,58.0,1988-09-17,23,TV Series,Sludge Monster from the Earth's Croe,Male,Possessed Object,Sludge-Monster,False,1,2,True,Male,1,Theft,1.0,0.0,0.0,0.0,3.0,0.0,0.0,2.0,0.0,0.0,1.0
304,A Pup Named Scooby-Doo,ABC,8.0,55.0,1988-09-24,23,TV Series,Dr. Croaker,Male,Animal,Frog,False,1,3,True,Male,1,Theft,0.0,0.0,0.0,0.0,3.0,0.0,0.0,1.0,0.0,0.0,1.0
305,A Pup Named Scooby-Doo,ABC,7.5,61.0,1988-10-01,23,TV Series,Cheese Monster,Male,Possessed Object,Cheese,False,1,3,True,Male,1,Competition,1.0,0.0,0.0,0.0,4.0,0.0,0.0,2.0,0.0,1.0,1.0
306,A Pup Named Scooby-Doo,ABC,7.4,44.0,1988-10-08,23,TV Series,Ghost of Al Cabone,Male,Ghost,Human,False,1,4,True,Female,1,Competition,1.0,0.0,0.0,0.0,4.0,0.0,0.0,3.0,0.0,0.0,1.0
307,A Pup Named Scooby-Doo,ABC,7.6,50.0,1988-10-15,23,TV Series,Boogedy Bones,Male,Undead,Human,False,1,2,True,"Female,Male",2,Theft,1.0,1.0,0.0,0.0,3.0,0.0,0.0,4.0,0.0,2.0,1.0
309,A Pup Named Scooby-Doo,ABC,7.8,44.0,1988-10-22,23,TV Series,Ice Demon,Male,Possessed Object,Ice,False,1,3,True,Male,1,Natural Resource,1.0,0.0,0.0,0.0,4.0,0.0,0.0,1.0,0.0,0.0,1.0
310,A Pup Named Scooby-Doo,ABC,7.7,47.0,1988-10-29,23,TV Series,Samurai Ghost,Male,Ghost,Human,False,1,3,True,Male,1,Theft,1.0,0.0,0.0,0.0,10.0,0.0,0.0,2.0,0.0,0.0,1.0
311,A Pup Named Scooby-Doo,ABC,7.0,47.0,1988-11-05,23,TV Series,Headless Skateboarder,Male,Undead,Human,False,1,3,True,"Female,Male",2,Smuggling,1.0,0.0,0.0,0.0,6.0,0.0,0.0,1.0,0.0,0.0,1.0
312,A Pup Named Scooby-Doo,ABC,7.5,53.0,1988-11-12,23,TV Series,Boobeard,Male,Ghost,Human,False,1,5,True,Male,1,Competition,0.0,0.0,0.0,0.0,5.0,0.0,0.0,2.0,0.0,0.0,1.0
314,A Pup Named Scooby-Doo,ABC,6.9,46.0,1988-11-19,23,TV Series,Totem Spirit,Male,Possessed Object,Totem,False,1,3,True,Male,1,Competition,1.0,0.0,0.0,0.0,11.0,0.0,0.0,2.0,0.0,0.0,1.0
315,A Pup Named Scooby-Doo,ABC,7.2,44.0,1988-11-26,23,TV Series,Ghost of Chef Pierre Goulash,Male,Ghost,Human,False,1,3,True,Male,1,Theft,1.0,0.0,0.0,0.0,6.0,0.0,0.0,1.0,0.0,0.0,1.0
316,A Pup Named Scooby-Doo,ABC,7.5,45.0,1988-12-03,23,TV Series,Stinkweed,Male,Plant,Plant-Monster,False,1,3,True,Male,1,Theft,2.0,0.0,0.0,0.0,7.0,0.0,0.0,1.0,0.0,0.0,1.0
317,A Pup Named Scooby-Doo,ABC,7.7,43.0,1989-09-09,23,TV Series,Ghost of Buster McMutt Mauler,Male,Ghost,Human,False,1,3,True,Male,1,Theft,0.0,0.0,0.0,0.0,2.0,0.0,0.0,0.0,0.0,2.0,1.0
318,A Pup Named Scooby-Doo,ABC,7.7,43.0,1989-09-16,23,TV Series,Alien,Male,Extraterrestrial,Alien,False,1,4,True,Female,1,Theft,0.0,0.0,0.0,0.0,3.0,0.0,0.0,0.0,0.0,0.0,1.0
319,A Pup Named Scooby-Doo,ABC,7.8,43.0,1989-09-23,23,TV Series,Ghost of Purvis Parker,Male,Undead,Human,False,1,4,True,Male,1,Theft,1.0,0.0,0.0,0.0,6.0,0.0,0.0,0.0,0.0,0.0,1.0
320,A Pup Named Scooby-Doo,ABC,7.5,38.0,1989-09-30,23,TV Series,Chickenstein,Male,Undead,Chicken,False,1,4,True,Male,1,Smuggling,1.0,0.0,0.0,0.0,3.0,0.0,0.0,2.0,0.0,0.0,1.0
321,A Pup Named Scooby-Doo,ABC,7.6,42.0,1989-10-07,23,TV Series,Burger Monster,Male,Possessed Object,Burger,False,1,4,True,Male,1,Competition,0.0,0.0,0.0,0.0,1.0,0.0,0.0,0.0,0.0,1.0,1.0
322,A Pup Named Scooby-Doo,ABC,7.7,40.0,1989-10-14,23,TV Series,Dinkley 2000,Male,Mechanical,Computer,False,1,5,True,Male,1,Competition,1.0,0.0,0.0,0.0,8.0,0.0,0.0,0.0,0.0,0.0,1.0
324,A Pup Named Scooby-Doo,ABC,7.8,38.0,1989-10-28,23,TV Series,Ghost of Zombo,Male,Ghost,Human,False,1,5,True,Male,1,Competition,1.0,0.0,0.0,0.0,6.0,0.0,0.0,3.0,0.0,1.0,1.0
325,A Pup Named Scooby-Doo,ABC,7.1,37.0,1990-09-08,11,TV Series (segmented),Boogey Biker,Male,Undead,Human,False,1,2,False,Male,1,Assistance,0.0,0.0,0.0,0.0,2.0,0.0,0.0,0.0,0.0,1.0,0.0
326,A Pup Named Scooby-Doo,ABC,7.1,37.0,1990-09-08,11,TV Series (segmented),Astronaut Ghost,Male,Ghost,Human,False,1,3,True,Male,1,Competition,0.0,0.0,0.0,0.0,6.0,0.0,0.0,0.0,0.0,1.0,1.0
327,A Pup Named Scooby-Doo,ABC,6.9,35.0,1990-10-06,23,TV Series,Bigwig,Male,Possessed Object,Hair,False,1,4,True,Male,1,Competition,1.0,0.0,0.0,0.0,4.0,0.0,0.0,2.0,0.0,1.0,1.0
328,A Pup Named Scooby-Doo,ABC,7.2,38.0,1990-11-03,23,TV Series,Ghost of the Hooded Heifer,Male,Ghost,Human,False,1,8,True,Male,1,Competition,1.0,0.0,0.0,0.0,6.0,0.0,0.0,1.0,0.0,0.0,1.0
329,A Pup Named Scooby-Doo,ABC,7.2,40.0,1991-08-03,23,TV Series,Nasty-Doo,Male,Animal,Hound,False,1,2,True,Male,1,Treasure,1.0,0.0,0.0,0.0,6.0,0.0,0.0,0.0,0.0,0.0,1.0
331,A Pup Named Scooby-Doo,ABC,6.6,37.0,1991-08-10,11,TV Series (segmented),Ghost of Mrs. Shusham,Female,Ghost,Human,False,1,3,True,Female,1,Theft,0.0,0.0,0.0,0.0,3.0,0.0,0.0,2.0,0.0,0.0,1.0
333,A Pup Named Scooby-Doo,ABC,7.2,32.0,1991-08-17,23,TV Series,Moving Mollusk,Male,Animal,Snail,False,1,4,True,Male,1,Competition,0.0,0.0,0.0,0.0,6.0,0.0,0.0,1.0,0.0,0.0,1.0
335,Johnny Bravo,Cartoon Network,8.4,148.0,1997-07-25,22,Crossover,Ghostly Gardener,Male,Undead,Human,False,1,1,False,Female,1,Trespassing,1.0,0.0,0.0,0.0,2.0,1.0,0.0,5.0,0.0,0.0,1.0
338,The Scooby-Doo Project,Cartoon Network,7.4,390.0,1999-10-31,21,TV Series,"Casper County Monster,Casper County Monster","Male,Male","Animal,Animal","Forest-Monster,Forest-Monster",False,2,7,True,Male,1,Entertainment,1.0,0.0,0.0,0.0,0.0,1.0,0.0,2.0,0.0,1.0,1.0
339,Warner Home Video,Warner Home Video,6.9,5625.0,2000-10-03,73,Movie,"Aliens,Aliens,Aliens","Male,Male,Male","Extraterrestrial,Extraterrestrial,Extraterrestrial","Alien,Alien,Alien",False,3,10,True,"Male,Male,Female,Male,Male",5,Natural Resource,0.0,0.0,0.0,0.0,2.0,0.0,0.0,6.0,14.0,0.0,2.0
340,Warner Home Video,Warner Home Video,7.0,6632.0,2001-10-09,73,Movie,Phantom Virus,Male,Possessed Object,Electric,True,1,4,True,Male,1,Competition,2.0,0.0,0.0,1.0,7.0,1.0,0.0,9.0,1.0,0.0,3.0
341,Night of the Living Doo,Cartoon Network,7.2,256.0,2001-10-31,16,TV Series,"Zombie,Mummy,Zombie Gary Coleman","Male,Male,Male","Undead,Undead,Undead","Human,Human,Human",False,3,2,True,Male,1,Competition,1.0,0.0,0.0,0.0,1.0,0.0,0.0,2.0,0.0,0.0,1.0
342,Warner Bros. Picture,Warner Bros. Picture,5.1,100951.0,2002-06-14,87,Movie (Theatrical),"Demons,Demons,Demons,Demons,Possessed College Kids,Possessed Fred,Possessed Marry Jane,Possessed Daphine,Possessed Velma,Scrappy-Rex","Male,Male,Male,Male,Male,Male,Female,Female,Female,Male","Mythical,Mythical,Mythical,Mythical,Possessed Object,Possessed Object,Possessed Object,Possessed Object,Possessed Object,Animal","Demon,Demon,Demon,Demon,Human,Human,Human,Human,Human,Hound",True,10,11,True,"Male,Male,Male,Male",4,Conquer,2.0,0.0,0.0,0.0,7.0,2.0,0.0,5.0,2.0,2.0,3.0
343,"Harvey Birdman, Attorney at Law",Adult Swim,8.1,133.0,2002-07-07,12,Crossover,Green Monster,Male,Plant,Weed,False,1,2,True,Male,0,Competition,0.0,0.0,0.0,0.0,0.0,0.0,0.0,0.0,0.0,0.0,0.0
344,What's New Scooby-Doo?,The WB,7.5,176.0,2002-09-14,21,TV Series,Snow Creature,Male,Animal,Ice-Monster,False,1,6,True,Male,1,Competition,0.0,0.0,0.0,3.0,1.0,0.0,0.0,2.0,0.0,0.0,1.0
345,What's New Scooby-Doo?,The WB,7.4,150.0,2002-09-21,21,TV Series,Dinosaur Spirit,Male,Animal,Dinosaur,False,1,3,True,"Male,Female",2,Natural Resource,1.0,0.0,0.0,1.0,1.0,0.0,0.0,1.0,0.0,0.0,1.0
346,What's New Scooby-Doo?,The WB,7.6,151.0,2002-09-28,21,TV Series,The Alien,Male,Extraterrestrial,Alien,False,1,4,True,Female,1,Competition,1.0,0.0,0.0,1.0,0.0,0.0,1.0,1.0,0.0,0.0,1.0
347,What's New Scooby-Doo?,The WB,7.7,142.0,2002-10-05,21,TV Series,"Ghost of the Leland Brothers,Ghost of the Leland Brothers","Male,Male","Ghost,Ghost","Human,Human",False,2,4,True,Male,1,Competition,1.0,0.0,1.0,1.0,2.0,0.0,0.0,4.0,0.0,0.0,1.0
348,What's New Scooby-Doo?,The WB,7.6,144.0,2002-10-26,21,TV Series,The Mystery Machine,Female,Possessed Object,Vehicle,False,1,5,False,Female,1,Competition,0.0,0.0,0.0,1.0,1.0,1.0,0.0,3.0,0.0,0.0,1.0
349,What's New Scooby-Doo?,The WB,7.5,125.0,2002-11-02,21,TV Series,Ghost of Rufus Raucaus,Male,Ghost,Human,False,1,6,True,Female,1,Competition,1.0,0.0,1.0,1.0,1.0,0.0,0.0,1.0,0.0,0.0,1.0
350,What's New Scooby-Doo?,The WB,7.7,133.0,2002-11-09,21,TV Series,Roller Ghoster,Male,Animal,Beast,False,1,5,False,Female,1,Competition,1.0,1.0,0.0,0.0,1.0,0.0,0.0,0.0,0.0,0.0,1.0
351,What's New Scooby-Doo?,The WB,7.1,130.0,2002-11-23,21,TV Series,Jungle Demons,Male,Animal,Animal,False,1,5,True,"Female,Male",2,Smuggling,1.0,0.0,0.0,0.0,1.0,0.0,0.0,2.0,0.0,1.0,1.0
352,What's New Scooby-Doo?,The WB,7.1,122.0,2002-11-30,21,TV Series,Motoshondu,Female,Animal,Sea-Monster,False,1,4,True,Male,1,Preservation,0.0,1.0,0.0,4.0,2.0,1.0,0.0,2.0,0.0,0.0,1.0
353,What's New Scooby-Doo?,The WB,7.5,137.0,2002-12-13,21,TV Series,Headless Snowman,Male,Possessed Object,Snow-Man,False,1,4,False,Male,1,Treasure,1.0,0.0,0.0,2.0,1.0,0.0,0.0,2.0,0.0,0.0,1.0
354,What's New Scooby-Doo?,The WB,7.7,122.0,2003-02-01,21,TV Series,"Spaceman Swintons,Annabel Action Figure,Other Toys","Male,Female,Male","Mechanical,Mechanical,Mechanical","Toy,Toy,Toy",False,3,4,True,Male,1,Treasure,2.0,0.0,0.0,1.0,0.0,0.0,0.0,2.0,0.0,0.0,1.0
355,What's New Scooby-Doo?,The WB,7.5,115.0,2003-02-15,21,TV Series,Faceless Phantom,Male,Ghost,Human,False,1,5,False,Male,1,Competition,1.0,0.0,0.0,0.0,1.0,0.0,0.0,0.0,0.0,0.0,1.0
356,What's New Scooby-Doo?,The WB,7.1,110.0,2003-02-22,21,TV Series,Undead,Male,Ancient,Human,False,1,4,True,"Male,Male",2,Competition,0.0,0.0,0.0,1.0,0.0,0.0,0.0,4.0,0.0,0.0,0.0
357,Warner Home Video,Warner Home Video,6.6,4180.0,2003-03-04,72,Movie,"Yowie Yahoo,Dark Skull,Stormy Weathers,Lightning Strikes","Male,Male,Male,Male","Undead,Undead,Undead,Undead","Human,Human,Human,Human",False,4,10,True,"Male,Male,Male",3,Competition,1.0,1.0,0.0,1.0,2.0,1.0,0.0,8.0,0.0,0.0,1.0
358,What's New Scooby-Doo?,The WB,7.3,110.0,2003-03-22,21,TV Series,Baseball Specter,Male,Ghost,Human,False,1,5,True,Male,1,Competition,0.0,0.0,0.0,1.0,0.0,0.0,1.0,1.0,0.0,0.0,1.0
359,What's New Scooby-Doo?,The WB,7.2,112.0,2003-09-13,21,TV Series,"Ancient One,30 Foot Shaggy","Male,Male","Magician,Animal","Human,Human",False,2,3,True,Male,1,Competition,0.0,1.0,0.0,1.0,2.0,0.0,0.0,3.0,0.0,0.0,1.0
360,What's New Scooby-Doo?,The WB,7.6,102.0,2003-09-20,21,TV Series,"Mummy of Pharaoh Scamses,Zombies,Zombies,Zombies,Zombies,Zombie Fred,Zombie Daphnie,Zombie Velma","Male,Male,Male,Female,Male,Male,Female,Female","Undead,Undead,Undead,Undead,Undead,Undead,Undead,Undead","Human,Human,Human,Human,Human,Human,Human,Human",False,8,3,True,"Male,Female",2,Competition,1.0,0.0,0.0,0.0,1.0,0.0,0.0,1.0,0.0,0.0,0.0
361,What's New Scooby-Doo?,The WB,7.4,104.0,2003-09-27,21,TV Series,Gusano Grande,Male,Animal,Worm,False,1,5,True,Male,1,Competition,0.0,0.0,0.0,1.0,2.0,0.0,0.0,2.0,0.0,0.0,1.0
362,Warner Home Video,Warner Home Video,6.5,3462.0,2003-09-30,72,Movie,"Chupacabra,Paco,Quetzalcoatl,Jaguar Statues,Aztec Giant Statue,Ghost of Se√±or Otero,Skeleton Man","Male,Male,Male,Male,Male,Male,Male","Animal,Animal,Mythical,Possessed Object,Possessed Object,Ghost,Undead","Chupacabra,Parrot,Dragon,Jaguar,Human,Human,Human",False,7,9,True,"Male,Female",2,Competition,0.0,0.0,0.0,0.0,4.0,0.0,0.0,2.0,0.0,0.0,1.0
364,What's New Scooby-Doo?,The WB,7.4,105.0,2003-10-18,21,TV Series,Baron Fortescu,Male,Undead,Human,False,1,3,True,"Male,Male",2,Competition,1.0,0.0,0.0,0.0,0.0,1.0,1.0,0.0,0.0,0.0,1.0
365,What's New Scooby-Doo?,The WB,7.6,129.0,2003-10-25,21,TV Series,"Scarecrows,Ghost of Hank Banning","Male,Male","Possessed Object,Ghost","Human,Human",False,2,4,True,Female,1,Competition,0.0,0.0,0.0,1.0,2.0,0.0,0.0,1.0,0.0,1.0,1.0
366,What's New Scooby-Doo?,The WB,7.2,97.0,2003-10-25,21,TV Series,Cat Creature,Male,Animal,Cat,False,1,5,True,"Female,Male,Male",3,Competition,1.0,0.0,0.0,0.0,1.0,0.0,0.0,1.0,0.0,1.0,1.0
367,What's New Scooby-Doo?,The WB,7.3,103.0,2004-03-20,21,TV Series,San Franpsycho,Male,Ancient,Human,False,1,5,True,Female,1,Competition,1.0,0.0,0.0,0.0,1.0,0.0,0.0,0.0,0.0,0.0,1.0
368,What's New Scooby-Doo?,The WB,7.5,113.0,2004-03-22,21,TV Series,Invisible Man,Male,Disguised,Human,False,1,9,True,"Male,Male,Male,Female",4,Competition,1.0,0.0,0.0,1.0,0.0,0.0,0.0,1.0,0.0,0.0,0.0
369,What's New Scooby-Doo?,The WB,7.5,109.0,2004-03-23,21,TV Series,"Scooby Snack Monster,Scooby Snack Monster","Male,Male","Possessed Object,Possessed Object","Scooby Snack,Scooby Snack",False,2,4,True,"Female,Female",2,Competition,1.0,1.0,0.0,0.0,0.0,0.0,0.0,2.0,0.0,0.0,0.0
370,What's New Scooby-Doo?,The WB,7.5,94.0,2004-03-24,21,TV Series,Glasburgh Dragon,Male,Mythical,Dragon,False,1,5,True,Male,1,Treasure,0.0,0.0,0.0,0.0,0.0,1.0,0.0,2.0,0.0,0.0,1.0
371,What's New Scooby-Doo?,The WB,7.4,99.0,2004-03-25,21,TV Series,Fish Creature,Male,Animal,Fish,False,1,5,False,Male,1,Preservation,2.0,0.0,0.0,0.0,1.0,0.0,0.0,2.0,0.0,0.0,0.0
372,What's New Scooby-Doo?,The WB,7.2,96.0,2004-03-26,21,TV Series,"Wakumi,Shaman","Male,Male","Animal,Ancient","Bird,Human",False,2,5,True,Male,1,Preservation,0.0,0.0,0.0,1.0,1.0,0.0,0.0,2.0,0.0,0.0,1.0
373,Warner Bros. Picture,Warner Bros. Picture,5.1,50847.0,2004-03-26,93,Movie (Theatrical),"Masked Figure,Pterodactyl Ghost,Black Knight Ghost,Cotton Candy Glob,Tar Monster,Minder 49er,Captain Cutler's Ghost,Zombie,10000 Volt Ghost,Skeleton Men,Skeleton Men","Male,Male,Male,Male,Male,Male,Male,Male,Male,Male,Male","Disguised,Animal,Possessed Object,Possessed Object,Possessed Object,Ancient,Possessed Object,Undead,Ghost,Undead,Undead","Human,Pterodactyl,Human,Cotton Candy,Tar,Human,Human,Human,Human,Human,Human",True,11,5,True,"Male,Male",2,Competition,0.0,0.0,0.0,0.0,3.0,1.0,0.0,4.0,0.0,0.0,4.0
374,What's New Scooby-Doo?,The WB,7.4,91.0,2004-03-27,21,TV Series,Centaur,Male,Mythical,Centaur,False,1,4,True,Female,1,Treasure,0.0,0.0,0.0,0.0,0.0,0.0,0.0,1.0,0.0,0.0,1.0
375,Warner Home Video,Warner Home Video,6.7,4108.0,2004-06-24,74,Movie,"Loch Ness Monster,Loch Ness Monster","Female,Female","Mythical,Mythical","Dinosaur,Dinosaur",False,2,8,False,"Female,Male,Male",3,Competition,1.0,2.0,0.0,4.0,6.0,0.0,0.0,13.0,1.0,0.0,1.0
376,What's New Scooby-Doo?,The WB,8.0,128.0,2005-01-29,21,TV Series,"Creepy Keeper,Skeleton Crew","Male,Male","Undead,Undead","Human,Human",False,2,3,True,"Male,Female",2,Competition,0.0,0.0,0.0,1.0,0.0,0.0,0.0,2.0,0.0,0.0,1.0
377,What's New Scooby-Doo?,The WB,7.2,102.0,2005-02-05,21,TV Series,"Sheriff,Cold Steel,Other Robot Cowboys","Male,Male,Male","Mechanical,Mechanical,Mechanical","Human,Human,Human",False,3,3,True,Male,1,Competition,0.0,1.0,0.0,3.0,0.0,0.0,0.0,3.0,0.0,0.0,0.0
378,Warner Home Video,Warner Home Video,6.4,3696.0,2005-02-08,73,Movie,"Wiki-Tiki,Tiny Tikis","Male,Male","Ancient,Ancient","Human,Human",False,2,7,True,"Female,Male",2,Competition,0.0,1.0,0.0,3.0,0.0,1.0,0.0,1.0,1.0,0.0,1.0
379,What's New Scooby-Doo?,The WB,7.5,97.0,2005-02-11,21,TV Series,"Clone Fred,Clone Daphnie,Clone Velma,Clone Shaggy,Clone Scooby","Male,Female,Female,Male,Male","Mechanical,Mechanical,Mechanical,Mechanical,Mechanical","Human,Human,Human,Human,Human",False,5,5,True,Male,1,Competition,1.0,0.0,0.0,0.0,0.0,0.0,0.0,1.0,0.0,0.0,1.0
380,What's New Scooby-Doo?,The WB,7.4,90.0,2005-02-12,21,TV Series,Titanic Twist,Male,Undead,Human,False,1,9,False,"Male,Female",2,Competition,2.0,1.0,0.0,1.0,0.0,0.0,1.0,2.0,0.0,0.0,1.0
381,What's New Scooby-Doo?,The WB,7.5,89.0,2005-02-19,21,TV Series,Gargoyle,Male,Possessed Object,Gargoyle,False,1,4,False,"Female,Male",2,Competition,1.0,0.0,1.0,2.0,2.0,0.0,0.0,1.0,0.0,0.0,1.0
382,What's New Scooby-Doo?,The WB,7.3,101.0,2005-02-25,21,TV Series,Demon Farmer,Male,Undead,Human,False,1,4,True,Male,1,Competition,1.0,0.0,0.0,2.0,0.0,0.0,0.0,0.0,0.0,1.0,1.0
383,What's New Scooby-Doo?,The WB,7.0,96.0,2005-03-03,21,TV Series,Frozen Fiend,Male,Undead,Human,False,1,6,True,Female,1,Theft,0.0,0.0,2.0,0.0,0.0,0.0,0.0,0.0,0.0,0.0,1.0
384,What's New Scooby-Doo?,The WB,7.6,105.0,2005-03-12,21,TV Series,Menacing Metallic Clown,Male,Mechanical,Human,False,1,4,False,Male,1,Competition,1.0,0.0,1.0,0.0,0.0,0.0,0.0,1.0,0.0,0.0,0.0
386,What's New Scooby-Doo?,The WB,7.4,88.0,2005-03-26,21,TV Series,Dragon,Male,Mythical,Dragon,False,1,5,True,Male,1,Competition,1.0,0.0,0.0,1.0,1.0,0.0,0.0,2.0,0.0,0.0,1.0
387,What's New Scooby-Doo?,The WB,7.3,87.0,2005-04-02,21,TV Series,Skeleton Driver,Male,Undead,Human,False,1,5,True,"Male,Female",2,Competition,0.0,0.0,0.0,1.0,2.0,0.0,1.0,0.0,0.0,0.0,0.0
388,What's New Scooby-Doo?,The WB,7.4,84.0,2005-04-09,21,TV Series,Gold Monster,Male,Possessed Object,Gold,False,1,5,True,Male,1,Competition,0.0,0.0,0.0,1.0,0.0,0.0,0.0,2.0,0.0,0.0,3.0
389,What's New Scooby-Doo?,The WB,7.5,92.0,2005-04-19,21,TV Series,"Coral Creature,Sand Monsters","Male,Male","Plant,Possessed Object","Coral,Human",True,2,5,True,Male,1,Competition,0.0,0.0,0.0,2.0,1.0,0.0,0.0,1.0,0.0,0.0,1.0
390,Warner Home Video,Cartoon Network,6.7,2974.0,2005-11-24,74,Movie,"Ghost of Cleopatra,Army of the Undead,Spirit of the Sand","Female,Male,Male","Undead,Undead,Animal","Human,Human,Scorpion",False,3,7,False,"Female,Male",2,Preservation,0.0,1.0,0.0,9.0,3.0,1.0,0.0,5.0,0.0,0.0,6.0
392,Warner Home Video,Warner Home Video,6.7,2454.0,2006-09-19,69,Movie,"Cptn. Skunk Beard,Wooden Wally,Sea Salt Sally,Cptn. Skunk Beard's Crew","Male,Male,Female,Male","Undead,Undead,Undead,Undead","Human,Human,Human,Human",False,4,5,True,"Male,Male",2,Natural Resource,0.0,1.0,1.0,1.0,2.0,0.0,1.0,1.0,0.0,0.0,1.0
406,Warner Home Video,Cartoon Network,6.7,2511.0,2007-08-31,73,Movie,Abominable Snowman,Male,Animal,Ice-Monster,False,1,6,False,Female,1,Competition,1.0,1.0,0.0,4.0,4.0,0.0,0.0,10.0,0.0,0.0,5.0
421,Warner Home Video,Warner Home Video,6.5,2182.0,2009-04-07,75,Movie,"Black Samurai,Ninjas","Male,Male","Ghost,Disguised","Human,Human",False,2,10,False,"Female,Female,Male",3,Conquer,0.0,1.0,0.0,2.0,3.0,1.0,0.0,12.0,0.0,0.0,3.0
422,Warner Home Video,Cartoon Network,5.3,5805.0,2009-09-13,82,Movie,"Specter,Ezekial Gallows,Prudence Prufrock","Male,Male,Female","Disguised,Undead,Undead","Human,Human,Human",True,3,6,True,Male,1,Treasure,2.0,0.0,0.0,0.0,7.0,1.0,0.0,3.0,1.0,2.0,1.0
423,Warner Home Video,Warner Home Video,7.1,2009.0,2010-02-16,76,Movie,"Gryphon,Banshee","Male,Female","Mythical,Mythical","Griffin,Banshee",False,2,6,False,"Male,Male,Male",3,Competition,0.0,0.0,0.0,0.0,2.0,0.0,0.0,3.0,0.0,0.0,2.0
424,Scooby-Doo Mystery Incorporated,Cartoon Network,7.9,337.0,2010-04-05,23,TV Series,Slime Mutant,Male,Possessed Object,Slime-Monster,False,1,2,True,Male,1,Theft,0.0,1.0,0.0,0.0,1.0,0.0,0.0,1.0,0.0,0.0,1.0
425,Scooby-Doo Mystery Incorporated,Cartoon Network,7.8,304.0,2010-07-19,23,TV Series,"Creeping Creatures,Creeping Creatures,Creeping Creatures","Male,Female,Male","Animal,Animal,Animal","Alligator,Alligator,Alligator",False,3,3,True,"Male,Female,Male",3,Counterfeit,0.0,1.0,0.0,0.0,0.0,0.0,0.0,2.0,0.0,0.0,0.0
426,Scooby-Doo Mystery Incorporated,Cartoon Network,7.7,267.0,2010-07-26,23,TV Series,Ghost Truck,Male,Possessed Object,Truck,False,1,2,True,Male,1,Theft,0.0,0.0,1.0,0.0,1.0,0.0,1.0,1.0,0.0,0.0,1.0
427,Scooby-Doo Mystery Incorporated,Cartoon Network,7.7,255.0,2010-08-02,22,TV Series,Man-Crab,Male,Animal,Crab,False,1,2,True,Male,1,Competition,0.0,0.0,1.0,0.0,2.0,0.0,0.0,1.0,0.0,0.0,0.0
428,Scooby-Doo Mystery Incorporated,Cartoon Network,8.0,254.0,2010-08-09,22,TV Series,"Que Horrifico,Spookified Kids","Male,Male","Ancient,Possessed","Human,Human",False,2,2,True,Female,1,Competition,0.0,1.0,1.0,0.0,2.0,0.0,0.0,0.0,0.0,0.0,0.0
429,Scooby-Doo Mystery Incorporated,Cartoon Network,8.5,263.0,2010-08-16,23,TV Series,Ghost Girl,Female,Ghost,Human,False,1,1,True,Female,1,Competition,0.0,1.0,0.0,0.0,2.0,0.0,0.0,2.0,0.0,0.0,1.0
430,Scooby-Doo Mystery Incorporated,Cartoon Network,8.2,256.0,2010-08-23,23,TV Series,Phantom,Male,Ghost,Human,False,1,2,True,Male,1,Competition,0.0,0.0,0.0,0.0,0.0,0.0,0.0,0.0,0.0,0.0,1.0
431,Scooby-Doo Mystery Incorporated,Cartoon Network,7.8,229.0,2010-08-30,23,TV Series,Gnome,Male,Mythical,Human,False,1,3,True,Male,1,Competition,0.0,0.0,1.0,0.0,0.0,0.0,0.0,0.0,0.0,0.0,1.0
432,Scooby-Doo Mystery Incorporated,Cartoon Network,7.6,221.0,2010-09-07,23,TV Series,"Green Humungonaut,Red Humungonaut","Male,Male","Animal,Animal","Ape,Ape",False,2,3,True,"Male,Male",2,Competition,0.0,0.0,0.0,0.0,0.0,0.0,0.0,4.0,0.0,0.0,0.0
433,Warner Home Video,Warner Home Video,7.3,2566.0,2010-09-14,72,Movie,"Woodsman,Fishman,Specter of Shadow Canyon","Male,Male,Female","Undead,Animal,Undead","Human,Fish,Human",False,3,8,True,"Male,Male",2,Treasure,1.0,0.0,0.0,0.0,1.0,0.0,0.0,0.0,0.0,0.0,2.0
434,Scooby-Doo Mystery Incorporated,Cartoon Network,8.2,235.0,2010-10-04,23,TV Series,Fright Hound,Male,Mechanical,Hound,False,1,3,True,Female,1,Competition,0.0,0.0,1.0,0.0,2.0,0.0,0.0,0.0,0.0,0.0,0.0
435,Scooby-Doo Mystery Incorporated,Cartoon Network,8.1,225.0,2010-10-11,22,TV Series,Vampire,Female,Undead,Human,False,1,3,True,Female,1,Theft,1.0,1.0,1.0,0.0,0.0,0.0,0.0,0.0,0.0,0.0,0.0
436,Scooby-Doo Mystery Incorporated,Cartoon Network,8.4,246.0,2010-10-18,22,TV Series,Char Gar Gothakon,Male,Extraterrestrial,Squid,False,1,5,True,Male,1,Competition,1.0,0.0,1.0,0.0,1.0,0.0,0.0,1.0,0.0,0.0,0.0
437,Scooby-Doo Mystery Incorporated,Cartoon Network,8.0,224.0,2010-10-25,22,TV Series,Cicada Creature,Male,Animal,Cicada,False,1,5,True,Female,1,Preservation,0.0,0.0,0.0,0.0,0.0,0.0,0.0,0.0,0.0,0.0,0.0
439,Scooby-Doo Mystery Incorporated,Cartoon Network,8.2,254.0,2011-05-03,22,TV Series,Lord Infernicus,Male,Undead,Human,False,1,6,False,Male,1,Imagination,0.0,0.0,0.0,0.0,0.0,0.0,0.0,0.0,0.0,0.0,0.0
440,Scooby-Doo Mystery Incorporated,Cartoon Network,7.7,221.0,2011-05-10,22,TV Series,Shadowy Orc,Male,Mythical,Orc,False,1,6,True,Male,1,Competition,0.0,0.0,0.0,0.0,0.0,0.0,0.0,2.0,0.0,0.0,0.0
441,Scooby-Doo Mystery Incorporated,Cartoon Network,8.2,228.0,2011-05-17,21,TV Series,Aphrodite,Female,Mythical,Human,False,1,1,True,Female,1,Competition,0.0,0.0,1.0,0.0,1.0,0.0,0.0,0.0,0.0,0.0,0.0
443,Scooby-Doo Mystery Incorporated,Cartoon Network,8.2,211.0,2011-05-31,22,TV Series,White Wizard,Male,Magician,Human,False,1,3,True,"Male,Female",2,Theft,0.0,0.0,1.0,0.0,1.0,0.0,0.0,1.0,0.0,0.0,0.0
444,Scooby-Doo Mystery Incorporated,Cartoon Network,8.5,227.0,2011-06-07,22,TV Series,Nightfright,Male,Mythical,Demon,False,1,3,True,Male,1,Competition,0.0,0.0,1.0,0.0,0.0,0.0,0.0,1.0,0.0,0.0,0.0
445,Scooby-Doo Mystery Incorporated,Cartoon Network,8.1,203.0,2011-06-14,23,TV Series,"Fish Freaks,Fish Freaks,Fish Freaks,Fish Freaks","Male,Male,Male,Male","Animal,Animal,Animal,Animal","Fish,Fish,Fish,Fish",False,4,5,True,Male,1,Natural Resource,0.0,0.0,0.0,0.0,1.0,0.0,0.0,2.0,0.0,0.0,0.0
446,Scooby-Doo Mystery Incorporated,Cartoon Network,8.2,212.0,2011-06-21,22,TV Series,Manticore,Male,Mythical,Manticore,False,1,3,True,Female,1,Competition,0.0,0.0,1.0,0.0,0.0,0.0,0.0,0.0,0.0,0.0,0.0
447,Scooby-Doo Mystery Incorporated,Cartoon Network,8.1,196.0,2011-06-28,22,TV Series,Headless Horror,Male,Ancient,Jungle-Monster,False,1,3,False,Female,1,Competition,0.0,0.0,0.0,0.0,1.0,0.0,0.0,1.0,0.0,0.0,0.0
448,Scooby-Doo Mystery Incorporated,Cartoon Network,8.6,211.0,2011-07-05,22,TV Series,Shadowy Figure,Male,Ghost,Human,False,1,2,True,Male,1,Theft,0.0,0.0,0.0,0.0,0.0,0.0,1.0,2.0,0.0,0.0,0.0
449,Scooby-Doo Mystery Incorporated,Cartoon Network,8.2,194.0,2011-07-12,22,TV Series,Ghost of Dead Justice,Male,Ghost,Human,False,1,3,True,Male,1,Competition,1.0,0.0,0.0,1.0,0.0,0.0,0.0,2.0,0.0,0.0,0.0
450,Scooby-Doo Mystery Incorporated,Cartoon Network,8.8,212.0,2011-07-19,23,TV Series,Obliteratrix,Female,Undead,Human,False,1,3,True,Female,1,Theft,0.0,0.0,1.0,0.0,2.0,0.0,0.0,2.0,0.0,0.0,0.0
451,Scooby-Doo Mystery Incorporated,Cartoon Network,9.2,272.0,2011-07-26,23,TV Series,Freak of Crystal Cove,Male,Ancient,Beast,False,1,3,True,Male,1,Theft,0.0,0.0,0.0,0.0,0.0,0.0,0.0,1.0,0.0,0.0,1.0
452,Warner Home Video,Warner Home Video,6.8,1899.0,2011-09-06,77,Movie,"Phantosaurs,Velociraptor","Male,Male","Ghost,Ancient","Appalachiosaurus,Velociraptor",False,2,7,True,"Female,Male,Female,Male,Male",5,Natural Resource,0.0,2.0,0.0,0.0,0.0,0.0,0.0,3.0,0.0,0.0,2.0
453,Warner Home Video,Warner Home Video,6.5,1573.0,2012-03-13,78,Movie,Lord Valdronya,Male,Undead,Human,False,1,7,True,"Male,Male",2,Competition,0.0,1.0,0.0,0.0,2.0,0.0,0.0,1.0,0.0,0.0,0.0
454,Warner Home Video,Warner Home Video,6.9,195.0,2012-07-17,23,TV Series,Fortius,Male,Possessed Object,Human,False,1,4,True,Male,1,Competition,0.0,1.0,0.0,0.0,0.0,0.0,0.0,0.0,0.0,0.0,1.0
456,Scooby-Doo Mystery Incorporated,Cartoon Network,7.9,187.0,2012-07-31,23,TV Series,"Baba Yaga House,Baba Yaga","Male,Female","Possessed Object,Magician","House,Human",False,2,2,True,Male,1,Smuggling,0.0,0.0,0.0,0.0,2.0,0.0,0.0,0.0,0.0,0.0,0.0
457,Scooby-Doo Mystery Incorporated,Cartoon Network,8.4,197.0,2012-08-01,23,TV Series,Crybaby Clown,Male,Disguised,Human,False,1,2,True,Male,1,Abduction,0.0,0.0,0.0,0.0,1.0,0.0,0.0,2.0,0.0,0.0,2.0
458,Scooby-Doo Mystery Incorporated,Cartoon Network,8.2,192.0,2012-08-02,23,TV Series,Dreamweaver,Male,Magician,Human,False,1,4,True,Male,1,Competition,0.0,0.0,0.0,0.0,0.0,0.0,0.0,0.0,0.0,0.0,0.0
459,Scooby-Doo Mystery Incorporated,Cartoon Network,8.4,188.0,2012-08-03,23,TV Series,Hodag of Horror,Male,Animal,Beast,False,1,3,True,Male,1,Theft,0.0,0.0,0.0,0.0,0.0,0.0,0.0,0.0,0.0,0.0,0.0
460,Scooby-Doo Mystery Incorporated,Cartoon Network,7.7,177.0,2012-08-06,23,TV Series,Junk,Male,Mechanical,Trash,False,1,6,True,Male,1,Competition,0.0,0.0,0.0,0.0,2.0,0.0,0.0,0.0,0.0,0.0,0.0
461,Scooby-Doo Mystery Incorporated,Cartoon Network,8.2,172.0,2012-08-07,22,TV Series,Graveyard Ghoul,Male,Undead,Human,False,1,5,False,Male,1,Natural Resource,0.0,0.0,0.0,0.0,3.0,0.0,1.0,1.0,0.0,0.0,0.0
462,Scooby-Doo Mystery Incorporated,Cartoon Network,8.3,183.0,2012-08-08,23,TV Series,Dark Lilith,Female,Mythical,Demon,False,1,3,False,Female,1,Treasure,0.0,0.0,0.0,1.0,0.0,0.0,0.0,2.0,0.0,0.0,0.0
463,Scooby-Doo Mystery Incorporated,Cartoon Network,8.3,176.0,2012-08-09,23,TV Series,Hebediah Grim,Male,Undead,Human,False,1,3,True,"Male,Male",2,Competition,0.0,1.0,0.0,0.0,0.0,0.0,0.0,0.0,0.0,0.0,0.0
464,Scooby-Doo Mystery Incorporated,Cartoon Network,9.1,202.0,2012-08-10,23,TV Series,Fiend,Male,Mythical,Human,False,1,3,True,Male,1,Competition,0.0,0.0,0.0,0.0,4.0,0.0,0.0,0.0,0.0,0.0,0.0
465,Scooby-Doo Mystery Incorporated,Cartoon Network,8.7,187.0,2012-08-13,22,TV Series,"Kriegstaffebot,Ghost of Abigail Gluck","Male,Female","Mechanical,Ghost","Robot,Human",True,2,2,True,Male,1,Theft,0.0,0.0,0.0,1.0,0.0,0.0,0.0,0.0,0.0,0.0,1.0
466,Scooby-Doo Mystery Incorporated,Cartoon Network,8.2,169.0,2012-08-14,23,TV Series,Scarebear,Male,Animal,Bear,False,1,2,False,Male,1,Preservation,0.0,0.0,0.0,0.0,2.0,0.0,0.0,0.0,0.0,0.0,0.0
467,Scooby-Doo Mystery Incorporated,Cartoon Network,8.9,207.0,2012-08-15,22,TV Series,Krampus,Male,Mythical,Krampus,False,1,1,True,"Male,Female,Female,Male,Male,Male,Female,Female,Male,Male,Female",11,Theft,0.0,0.0,0.0,0.0,0.0,0.0,0.0,0.0,0.0,0.0,0.0
468,Scooby-Doo Mystery Incorporated,Cartoon Network,7.6,174.0,2012-08-16,22,TV Series,Dragon,Male,Mechanical,Dragon,False,1,0,False,"Male,Female",2,Theft,0.0,0.0,0.0,2.0,1.0,0.0,0.0,0.0,0.0,1.0,0.0
469,Scooby-Doo Mystery Incorporated,Cartoon Network,8.6,180.0,2012-08-17,22,TV Series,Mummy of Friar Serra,Male,Undead,Human,False,1,3,True,Male,1,Theft,0.0,0.0,0.0,0.0,0.0,1.0,0.0,0.0,0.0,0.0,0.0
470,Warner Home Video,Warner Home Video,6.9,1442.0,2012-10-09,80,Movie,"Werewolf,Werewolf,Werewolf,Werewolf","Male,Male,Male,Male","Animal,Animal,Animal,Animal","Human,Human,Human,Human",False,4,9,True,"Male,Male",2,Theft,0.0,0.0,0.0,0.0,0.0,0.0,0.0,2.0,0.0,0.0,1.0
471,Warner Home Video,Warner Home Video,7.0,392.0,2012-10-16,23,TV Series,Sinister Snowman,Male,Possessed Object,Snow-Man,False,1,5,True,Male,1,Competition,1.0,1.0,1.0,0.0,1.0,1.0,0.0,1.0,0.0,0.0,1.0
472,Warner Home Video,Warner Home Video,6.8,1485.0,2013-02-26,76,Movie,Mr. Hyde,Male,Super-Villain,Human,False,1,8,True,Male,1,Competition,0.0,1.0,0.0,1.0,1.0,0.0,0.0,4.0,1.0,0.0,1.0
473,Scooby-Doo Mystery Incorporated,Cartoon Network,8.0,172.0,2013-03-25,22,TV Series,"Grey Alien,Reptiod,Nordic Alien","Male,Male,Female","Extraterrestrial,Animal,Extraterrestrial","Alien,Reptile,Alien",False,3,0,True,"Male,Male,Female",3,Theft,0.0,0.0,1.0,1.0,3.0,0.0,0.0,1.0,0.0,0.0,0.0
474,Scooby-Doo Mystery Incorporated,Cartoon Network,8.3,167.0,2013-03-25,22,TV Series,"Skull Cattles,Skull Cattle Queen","Male,Female","Undead,Undead","Bull,Bull",False,2,4,True,Male,1,Theft,0.0,0.0,0.0,0.0,0.0,0.0,0.0,0.0,0.0,0.0,0.0
475,Scooby-Doo Mystery Incorporated,Cartoon Network,8.0,180.0,2013-03-26,22,TV Series,"Rude Boy and the Ska-Tastics,Rude Boy and the Ska-Tastics,Rude Boy and the Ska-Tastics,Rude Boy and the Ska-Tastics","Male,Male,Male,Male","Undead,Undead,Undead,Undead","Human,Human,Human,Human",False,4,2,True,"Male,Male,Male,Male",4,Competition,0.0,0.0,0.0,0.0,1.0,0.0,0.0,2.0,0.0,0.0,0.0
476,Scooby-Doo Mystery Incorporated,Cartoon Network,7.8,166.0,2013-03-27,23,TV Series,Gluton Demon,Male,Mythical,Demon,False,1,3,True,Female,1,Competition,0.0,0.0,1.0,0.0,2.0,0.0,0.0,1.0,0.0,0.0,1.0
477,Scooby-Doo Mystery Incorporated,Cartoon Network,8.3,171.0,2013-03-28,22,TV Series,Dandy Highwayman,Male,Disguised,Human,False,1,2,True,Male,1,Competition,0.0,1.0,0.0,1.0,2.0,0.0,0.0,0.0,0.0,0.0,0.0
478,Scooby-Doo Mystery Incorporated,Cartoon Network,8.9,176.0,2013-03-29,22,TV Series,"Evil Fred,Evil Daphnie","Male,Female","Disguised,Disguised","Human,Human",False,2,0,True,"Male,Female",2,Theft,1.0,1.0,0.0,0.0,0.0,0.0,0.0,1.0,0.0,0.0,0.0
479,Scooby-Doo Mystery Incorporated,Cartoon Network,8.9,187.0,2013-04-02,23,TV Series,Monstrous Freak,Male,Animal,Beast,False,1,2,True,Male,1,Preservation,0.0,0.0,1.0,1.0,3.0,0.0,0.0,0.0,0.0,0.0,0.0
480,Scooby-Doo Mystery Incorporated,Cartoon Network,8.4,165.0,2013-04-03,22,TV Series,Priestess,Female,Magician,Human,False,1,2,True,Male,1,Competition,0.0,0.0,0.0,0.0,1.0,0.0,0.0,1.0,0.0,0.0,0.0
481,Scooby-Doo Mystery Incorporated,Cartoon Network,8.7,169.0,2013-04-04,23,TV Series,Kriegstaffebot,Male,Mechanical,Robot,False,1,1,False,Male,1,Treasure,1.0,0.0,0.0,1.0,1.0,0.0,0.0,1.0,0.0,0.0,1.0
484,Warner Home Video,Warner Home Video,5.1,294.0,2013-07-23,45,Movie,"Ye Phantom Parrot,Ghost of Gnarlybeard","Male,Male","Animal,Undead","Bird,Human",False,2,5,True,"Male,Female",2,Treasure,0.0,0.0,0.0,0.0,8.0,0.0,0.0,2.0,1.0,0.0,4.0
485,Warner Home Video,Warner Home Video,7.1,1380.0,2013-08-20,78,Movie,Phantom,Male,Ghost,Human,False,1,19,True,"Male,Male,Male,Male,Male",5,Theft,0.0,1.0,1.0,0.0,0.0,0.0,0.0,1.0,0.0,0.0,2.0
486,Warner Home Video,Warner Home Video,7.3,403.0,2013-09-10,23,TV Series,Cornfield Clem,Male,Possessed Object,Scarecrow,False,1,9,True,Male,1,Theft,0.0,1.0,0.0,0.0,0.0,0.0,0.0,0.0,0.0,0.0,1.0
487,Warner Home Video,Warner Home Video,6.5,242.0,2013-09-24,23,TV Series,Mecha Mutt,Male,Mechanical,Hound,False,1,4,True,Female,1,Competition,0.0,0.0,0.0,0.0,0.0,1.0,0.0,1.0,0.0,0.0,1.0
488,Warner Home Video,Warner Home Video,6.3,2825.0,2014-03-25,84,Movie,Ghost Bear,Male,Ghost,Bear,False,1,9,True,Male,1,Competition,1.0,0.0,0.0,0.0,3.0,0.0,0.0,3.0,0.0,1.0,3.0
489,Warner Home Video,Warner Home Video,6.6,216.0,2014-05-13,22,TV Series,Eshu,Male,Animal,Beast,False,1,5,True,Male,1,Theft,0.0,0.0,0.0,0.0,1.0,0.0,0.0,1.0,0.0,0.0,1.0
490,Warner Home Video,Warner Home Video,6.7,1541.0,2014-08-19,74,Movie,"Ghost of the Baron,Frankencreep","Male,Male","Ghost,Undead","Human,Chimera",False,2,6,True,"Male,Female,Male,Female",4,Competition,0.0,0.0,0.0,10.0,2.0,0.0,0.0,4.0,0.0,0.0,1.0
491,Warner Home Video,Warner Home Video,6.5,1269.0,2015-02-17,80,Movie,Alien,Male,Extraterrestrial,Alien,False,1,8,True,Female,1,Competition,0.0,0.0,0.0,2.0,1.0,0.0,0.0,1.0,0.0,0.0,2.0
492,Warner Home Video,Warner Home Video,7.1,188.0,2015-05-05,22,TV Series,Sea Monster,Male,Possessed Object,Water,False,1,4,True,Male,1,Theft,0.0,0.0,0.0,0.0,0.0,0.0,0.0,0.0,0.0,0.0,1.0
493,Warner Home Video,Warner Home Video,6.5,1891.0,2015-07-21,79,Movie,"Witch,KISS Monsters,Harpies,The Destroyer","Female,Male,Female,Male","Magician,Possessed Object,Mythical,Demon","Human,Human,Harpy,Demon",True,4,6,True,Female,1,Theft,0.0,0.0,1.0,1.0,1.0,0.0,0.0,1.0,0.0,0.0,0.0
494,"Be Cool, Scooby-Doo!",Cartoon Network,7.9,122.0,2015-10-05,22,TV Series,Ghost of Elias Kingston,Male,Ghost,Human,False,1,3,True,"Male,Male",2,Competition,1.0,1.0,0.0,0.0,0.0,0.0,0.0,0.0,0.0,0.0,0.0
495,"Be Cool, Scooby-Doo!",Cartoon Network,7.2,102.0,2015-10-06,22,TV Series,Spirit of the Zatari Warrior,Male,Ancient,Human,False,1,3,True,Male,1,Treasure,0.0,0.0,0.0,0.0,0.0,0.0,0.0,1.0,0.0,1.0,0.0
496,"Be Cool, Scooby-Doo!",Cartoon Network,7.4,101.0,2015-10-07,22,TV Series,"Sea Creature,Sea Creature","Male,Male","Animal,Animal","Sea-Monster,Sea-Monster",False,2,4,True,"Male,Female",2,Treasure,0.0,0.0,0.0,0.0,0.0,0.0,0.0,1.0,0.0,0.0,0.0
497,"Be Cool, Scooby-Doo!",Cartoon Network,7.3,85.0,2015-10-08,22,TV Series,Gargoyle,Male,Possessed Object,Gargoyle,False,1,4,True,Female,1,Competition,0.0,0.0,0.0,0.0,1.0,0.0,0.0,0.0,0.0,0.0,0.0
498,"Be Cool, Scooby-Doo!",Cartoon Network,7.3,78.0,2015-10-09,22,TV Series,Ghost of Chip Braverton,Male,Ghost,Human,False,1,3,True,Male,1,Competition,0.0,0.0,0.0,0.0,0.0,0.0,0.0,0.0,0.0,0.0,0.0
499,"Be Cool, Scooby-Doo!",Cartoon Network,7.6,80.0,2015-10-12,22,TV Series,Sobek,Male,Mythical,Crocodile,False,1,3,True,Female,1,Theft,0.0,0.0,0.0,0.0,0.0,0.0,0.0,0.0,0.0,0.0,0.0
500,"Be Cool, Scooby-Doo!",Cartoon Network,7.5,84.0,2015-10-15,22,TV Series,Crystal Crawler,Male,Animal,Cave-Monster,False,1,2,True,Male,1,Competition,0.0,1.0,0.0,0.0,1.0,0.0,0.0,0.0,0.0,0.0,1.0
501,"Be Cool, Scooby-Doo!",Cartoon Network,8.2,88.0,2015-10-19,22,TV Series,Headless Count,Male,Undead,Human,False,1,5,True,Male,1,Theft,0.0,0.0,0.0,0.0,0.0,0.0,0.0,0.0,0.0,0.0,0.0
502,"Be Cool, Scooby-Doo!",Cartoon Network,7.4,72.0,2015-10-20,22,TV Series,Ghost of the Prima Donna,Female,Ghost,Human,False,1,4,True,Male,1,Competition,1.0,0.0,0.0,0.0,0.0,0.0,0.0,2.0,0.0,0.0,0.0
503,"Be Cool, Scooby-Doo!",Cartoon Network,7.5,75.0,2015-10-21,22,TV Series,Yeti,Male,Animal,Yeti,False,1,3,True,Male,1,Competition,0.0,0.0,0.0,0.0,2.0,0.0,0.0,0.0,0.0,0.0,0.0
504,"Be Cool, Scooby-Doo!",Cartoon Network,7.5,72.0,2015-10-22,22,TV Series,Butler 3000,Male,Mechanical,Robot,False,1,3,True,Female,1,Competition,0.0,0.0,0.0,0.0,0.0,0.0,0.0,1.0,0.0,0.0,1.0
505,"Be Cool, Scooby-Doo!",Cartoon Network,7.4,71.0,2015-10-23,22,TV Series,Alien,Male,Extraterrestrial,Alien,False,1,2,True,Male,1,Competition,0.0,0.0,0.0,0.0,0.0,0.0,0.0,2.0,0.0,0.0,0.0
506,"Be Cool, Scooby-Doo!",Cartoon Network,7.5,81.0,2015-10-28,22,TV Series,Phantom,Male,Ghost,Human,False,1,4,True,"Female,Female",2,Inheritance,0.0,0.0,0.0,0.0,0.0,0.0,0.0,0.0,0.0,0.0,0.0
507,Lego,Cartoon Network,6.6,288.0,2015-11-25,22,TV Series,Black Knight,Male,Possessed Object,Object,False,1,6,True,Male,1,Treasure,0.0,0.0,0.0,1.0,2.0,0.0,0.0,0.0,0.0,0.0,1.0
508,"Be Cool, Scooby-Doo!",Cartoon Network,7.4,75.0,2015-12-05,22,TV Series,Pterodactyl,Male,Ancient,Pterodactyl,False,1,4,True,"Male,Male",2,Theft,0.0,0.0,0.0,0.0,0.0,0.0,0.0,0.0,0.0,0.0,1.0
509,"Be Cool, Scooby-Doo!",Cartoon Network,7.7,72.0,2015-12-10,24,TV Series,Ghost of Stealin' Stan,Male,Ghost,Human,False,1,2,False,Male,1,Theft,0.0,0.0,0.0,1.0,0.0,0.0,0.0,1.0,0.0,0.0,0.0
510,"Be Cool, Scooby-Doo!",Cartoon Network,7.8,66.0,2016-02-13,22,TV Series,Gremlin,Male,Mythical,Gremlin,False,1,3,True,Male,1,Competition,1.0,0.0,0.0,0.0,0.0,0.0,0.0,1.0,0.0,0.0,1.0
511,"Be Cool, Scooby-Doo!",Cartoon Network,7.9,67.0,2016-02-20,22,TV Series,Sorcerer,Male,Magician,Human,False,1,4,True,Male,1,Competition,0.0,0.0,0.0,0.0,0.0,0.0,0.0,2.0,0.0,0.0,0.0
512,"Be Cool, Scooby-Doo!",Cartoon Network,8.2,67.0,2016-02-27,22,TV Series,Swamp Monster,Male,Plant,Swamp-Monster,False,1,3,True,Male,1,Theft,0.0,0.0,0.0,0.0,0.0,0.0,0.0,1.0,0.0,0.0,0.0
513,"Be Cool, Scooby-Doo!",Cartoon Network,7.5,63.0,2016-03-05,22,TV Series,Snow Monster,Male,Possessed Object,Snow-Man,False,1,3,True,Female,1,Preservation,1.0,0.0,0.0,0.0,0.0,0.0,0.0,1.0,0.0,0.0,0.0
514,Lego,Warner Home Video,5.9,1144.0,2016-03-10,74,Movie,"Headless Horseman,Mummy,Zombie","Male,Male,Male","Undead,Undead,Undead","Human,Human,Human",False,3,5,True,"Male,Male",2,Competition,0.0,1.0,0.0,2.0,1.0,0.0,0.0,2.0,0.0,1.0,1.0
515,"Be Cool, Scooby-Doo!",Cartoon Network,7.4,58.0,2016-03-12,22,TV Series,Giant,Male,Mythical,Cyclops,False,1,3,True,Male,1,Competition,1.0,1.0,0.0,1.0,0.0,0.0,0.0,0.0,0.0,0.0,0.0
516,"Be Cool, Scooby-Doo!",Boomerang,7.4,54.0,2016-03-23,22,TV Series,"Scarecrow,Scarecrow","Male,Male","Possessed Object,Possessed Object","Scarecrow,Scarecrow",False,2,4,False,"Male,Male",2,Natural Resource,0.0,0.0,0.0,0.0,0.0,0.0,0.0,1.0,0.0,0.0,0.0
517,Warner Home Video,Warner Home Video,6.2,1179.0,2016-08-09,81,Movie,Inferno,Male,Undead,Demon,False,1,20,True,"Male,Female",2,Competition,0.0,1.0,0.0,0.0,2.0,0.0,0.0,3.0,0.0,0.0,1.0
518,Warner Home Video,Warner Home Video,6.8,1120.0,2017-02-14,80,Movie,Ghost of Dapper Jack Rogers,Male,Ghost,Human,False,1,15,True,"Male,Male",2,Theft,0.0,1.0,0.0,0.0,1.0,0.0,0.0,2.0,0.0,0.0,3.0
519,"Be Cool, Scooby-Doo!",Boomerang,7.2,58.0,2017-06-20,22,TV Series,Ghost of the Cliff Bride,Female,Undead,Human,False,1,4,False,"Female,Female",2,Competition,0.0,0.0,0.0,0.0,0.0,0.0,0.0,0.0,0.0,0.0,0.0
520,"Be Cool, Scooby-Doo!",Boomerang,7.6,52.0,2017-06-20,22,TV Series,Spirit of El Bandito,Male,Undead,Human,False,1,3,True,Male,1,Treasure,1.0,0.0,0.0,0.0,0.0,0.0,0.0,0.0,0.0,0.0,0.0
521,"Be Cool, Scooby-Doo!",Boomerang,7.2,50.0,2017-06-20,22,TV Series,Madcap the Killer Clown,Male,Disguised,Human,False,1,4,True,Male,1,Competition,1.0,0.0,0.0,0.0,0.0,0.0,0.0,2.0,0.0,0.0,0.0
522,"Be Cool, Scooby-Doo!",Boomerang,7.3,48.0,2017-06-20,22,TV Series,"Viking Ghosts,Viking Ghosts,Viking Ghosts","Male,Male,Male","Ghost,Ghost,Ghost","Human,Human,Human",False,3,6,True,"Male,Female,Male",3,Natural Resource,0.0,0.0,0.0,0.0,0.0,0.0,0.0,0.0,0.0,0.0,1.0
523,"Be Cool, Scooby-Doo!",Boomerang,7.7,50.0,2017-06-20,22,TV Series,Toxic Mutant,Male,Undead,Human,False,1,3,True,Male,1,Theft,0.0,0.0,0.0,0.0,0.0,0.0,0.0,1.0,0.0,0.0,0.0
524,Lego,Warner Home Video,5.6,565.0,2017-07-25,77,Movie,"Ghost Pirate,Ghost Pirate","Male,Female","Ghost,Ghost","Human,Human",False,2,9,True,"Male,Female,Male,Female,Male,Male",6,Treasure,0.0,0.0,0.0,1.0,13.0,1.0,0.0,2.0,0.0,1.0,1.0
525,"Be Cool, Scooby-Doo!",Boomerang,8.2,53.0,2017-11-14,22,TV Series,Dorsal Foot,Male,Animal,Shark,False,1,3,True,Male,1,Competition,0.0,0.0,0.0,0.0,0.0,0.0,0.0,1.0,0.0,0.0,1.0
526,"Be Cool, Scooby-Doo!",Boomerang,7.5,40.0,2017-11-15,22,TV Series,Werewolf,Male,Animal,Human,False,1,3,True,Male,1,Theft,1.0,0.0,0.0,0.0,1.0,0.0,0.0,1.0,0.0,0.0,0.0
527,"Be Cool, Scooby-Doo!",Boomerang,7.4,40.0,2017-11-15,22,TV Series,Jester Monster,Male,Disguised,Human,False,1,3,True,Male,1,Competition,1.0,1.0,0.0,0.0,0.0,0.0,0.0,0.0,0.0,0.0,0.0
528,"Be Cool, Scooby-Doo!",Boomerang,7.6,42.0,2017-12-21,22,TV Series,Vampire,Male,Undead,Human,False,1,3,True,"Male,Male",2,Theft,1.0,0.0,0.0,0.0,1.0,0.0,0.0,1.0,0.0,0.0,0.0
529,"Be Cool, Scooby-Doo!",Boomerang,7.1,38.0,2017-11-17,22,TV Series,Houndbeast,Male,Animal,Hound,False,1,4,True,Female,1,Competition,1.0,0.0,0.0,0.0,0.0,0.0,0.0,0.0,0.0,0.0,0.0
530,"Be Cool, Scooby-Doo!",Boomerang,7.5,42.0,2017-11-18,22,TV Series,"Grim Reaper,Mummy,Tengu,Tarasque,Tzitzimitl,Manticore,Haniver,Hemogoblin","Male,Male,Male,Male,Female,Male,Male,Male","Undead,Undead,Mythical,Mythical,Magician,Mythical,Mythical,Mythical","Human,Human,Chicken,Turtle,Human,Manticore,Beast,Goblin",False,8,4,True,"Male,Female,Male",3,Theft,0.0,0.0,0.0,0.0,0.0,0.0,0.0,0.0,0.0,0.0,0.0
531,"Be Cool, Scooby-Doo!",Boomerang,7.4,43.0,2017-09-28,22,TV Series,"Baba Yaga,Baba Yaga House","Female,Male","Magician,Possessed Object","Human,House",False,2,3,True,"Female,Male",2,Competition,0.0,0.0,0.0,0.0,0.0,0.0,0.0,1.0,0.0,0.0,0.0
532,"Be Cool, Scooby-Doo!",Boomerang,7.5,39.0,2017-11-19,22,TV Series,Kaniaku,Male,Animal,Crab,False,1,4,True,Male,1,Competition,0.0,0.0,0.0,0.0,0.0,0.0,0.0,0.0,0.0,0.0,0.0
533,"Be Cool, Scooby-Doo!",Boomerang,6.6,40.0,2017-11-19,22,TV Series,Ghost of Amos Littlefield,Male,Ghost,Human,False,1,5,True,Female,2,Competition,1.0,0.0,0.0,0.0,0.0,0.0,0.0,0.0,0.0,0.0,1.0
534,"Be Cool, Scooby-Doo!",Boomerang,7.7,47.0,2017-11-30,22,TV Series,"Ghost of Jacob Marley,Ghost of Christmas Past,Ghost of Christmas Present,Ghost of Christmas Future","Male,Female,Male,Male","Ghost,Ghost,Ghost,Ghost","Human,Human,Human,Human",False,4,4,True,Male,1,Theft,0.0,0.0,0.0,0.0,0.0,0.0,0.0,0.0,0.0,0.0,0.0
535,"Be Cool, Scooby-Doo!",Boomerang,8.0,44.0,2017-11-20,22,TV Series,Space Kook,Male,Extraterrestrial,Alien,False,1,3,True,Male,1,Natural Resource,1.0,0.0,0.0,0.0,0.0,0.0,0.0,0.0,0.0,0.0,0.0
536,"Be Cool, Scooby-Doo!",Boomerang,7.9,50.0,2017-11-21,22,TV Series,Ghost of Mother,Female,Undead,Human,False,1,2,True,Male,1,Competition,1.0,0.0,0.0,0.0,0.0,0.0,0.0,0.0,0.0,0.0,0.0
537,"Be Cool, Scooby-Doo!",Boomerang,7.4,38.0,2017-11-22,22,TV Series,Ghost of Archie Barnes,Male,Ghost,Human,False,1,5,True,Female,1,Competition,0.0,0.0,0.0,0.0,0.0,0.0,0.0,0.0,0.0,0.0,0.0
538,"Be Cool, Scooby-Doo!",Boomerang,7.2,35.0,2017-11-22,22,TV Series,Mutant Rabbit,Male,Animal,Rabbit,False,1,3,True,"Male,Male",2,Competition,1.0,0.0,0.0,0.0,0.0,0.0,0.0,0.0,0.0,0.0,0.0
539,"Be Cool, Scooby-Doo!",Boomerang,6.7,35.0,2017-11-23,22,TV Series,Arachne,Female,Mythical,Spider,False,1,4,True,"Male,Male",2,Competition,1.0,0.0,1.0,0.0,0.0,0.0,0.0,0.0,0.0,0.0,0.0
540,Warner Home Video,Cartoon Network,6.6,1698.0,2018-01-09,75,Movie,Crimson Cloak,Male,Ghost,Human,False,1,15,True,"Male,Male",2,Conquer,1.0,1.0,0.0,4.0,8.0,0.0,0.0,5.0,0.0,0.0,1.0
541,"Be Cool, Scooby-Doo!",Boomerang,7.1,41.0,2018-03-08,22,TV Series,Plant Monster,Male,Plant,Bush,False,1,4,True,Male,1,Competition,1.0,0.0,0.0,0.0,0.0,0.0,0.0,1.0,0.0,0.0,0.0
542,"Be Cool, Scooby-Doo!",Boomerang,7.2,31.0,2018-03-09,22,TV Series,Minus,Male,Disguised,Human,False,1,4,True,"Female,Male",2,Competition,0.0,0.0,0.0,0.0,0.0,0.0,0.0,0.0,0.0,0.0,0.0
543,"Be Cool, Scooby-Doo!",Boomerang,7.4,36.0,2018-03-10,22,TV Series,The Mystery Machine,Female,Possessed Object,Vehicle,False,1,4,True,"Male,Female",2,Competition,0.0,0.0,0.0,0.0,0.0,0.0,0.0,0.0,0.0,0.0,0.0
544,"Be Cool, Scooby-Doo!",Boomerang,7.4,38.0,2018-03-11,22,TV Series,Ice Man,Male,Ancient,Human,False,1,3,True,Female,1,Theft,1.0,0.0,0.0,0.0,0.0,0.0,0.0,1.0,0.0,0.0,0.0
545,"Be Cool, Scooby-Doo!",Boomerang,7.3,39.0,2018-03-12,22,TV Series,Ape Man,Male,Animal,Ape,False,1,5,False,Female,1,Competition,2.0,0.0,0.0,0.0,0.0,1.0,0.0,0.0,0.0,0.0,0.0
546,"Be Cool, Scooby-Doo!",Boomerang,6.9,37.0,2018-03-13,22,TV Series,Trash Monster,Male,Mechanical,Robot,False,1,3,True,Male,1,Theft,0.0,0.0,0.0,0.0,1.0,0.0,0.0,0.0,0.0,0.0,0.0
547,"Be Cool, Scooby-Doo!",Boomerang,6.7,33.0,2018-03-14,22,TV Series,Ghost Chef,Male,Ghost,Human,False,1,4,True,"Female,Female",2,Competition,0.0,0.0,0.0,0.0,1.0,0.0,0.0,1.0,0.0,0.0,0.0
548,"Be Cool, Scooby-Doo!",Boomerang,6.9,33.0,2018-03-15,22,TV Series,Demon of Salem,Male,Mythical,Demon,False,1,4,True,"Male,Female",2,Theft,0.0,1.0,0.0,0.0,0.0,0.0,0.0,0.0,0.0,0.0,0.0
550,"Be Cool, Scooby-Doo!",Boomerang,7.9,36.0,2018-03-17,22,TV Series,Professor Huh?,Male,Disguised,Human,False,1,3,True,"Female,Male, Male",3,Competition,0.0,0.0,0.0,0.0,0.0,0.0,0.0,1.0,0.0,0.0,0.0
551,"Be Cool, Scooby-Doo!",Boomerang,6.8,31.0,2018-03-18,11,TV Series,Pizza O'Possum,Male,Mechanical,Rat,False,1,3,False,Female,1,Competition,0.0,0.0,0.0,0.0,0.0,0.0,0.0,0.0,0.0,0.0,0.0
552,"Be Cool, Scooby-Doo!",Boomerang,6.8,31.0,2018-03-18,11,TV Series,Half-Beard's Ghost,Male,Ghost,Human,False,1,3,True,"Male,Male,Female",3,Treasure,0.0,0.0,0.0,0.0,0.0,0.0,0.0,1.0,0.0,0.0,0.0
553,Supernatural,The CW,9.6,6929.0,2018-03-29,42,Crossover,"Phantasm,Ghost Kid","Male,Male","Undead,Undead","Human,Human",True,2,6,True,Male,1,Competition,1.0,1.0,0.0,2.0,2.0,0.0,0.0,1.0,0.0,0.0,0.0
555,Warner Home Video,Warner Home Video,7.3,825.0,2018-09-11,77,Movie,Red Ghost,Male,Ghost,Human,False,1,11,True,Male,1,Competition,0.0,0.0,0.0,2.0,0.0,1.0,0.0,2.0,0.0,1.0,1.0
557,Warner Home Video,Warner Home Video,6.5,1182.0,2019-02-05,82,Movie,Asmodeus,Male,Mythical,Demon,False,1,4,True,Male,1,Treasure,0.0,0.0,0.0,0.0,2.0,1.0,0.0,3.0,0.0,0.0,1.0
558,Scooby-Doo and Guess Who?,Boomerang,7.0,126.0,2019-06-27,22,TV Series,Swamp Monster,Male,Animal,Swamp-Monster,False,1,5,True,Male,1,Competition,0.0,1.0,0.0,0.0,0.0,0.0,0.0,0.0,0.0,0.0,1.0
559,Scooby-Doo and Guess Who?,Boomerang,7.9,93.0,2019-07-02,22,TV Series,Civil War Zombie Ghosts,Male,Ghost,Human,False,1,2,True,Male,1,Treasure,0.0,0.0,0.0,0.0,1.0,0.0,0.0,1.0,0.0,0.0,1.0
560,Scooby-Doo and Guess Who?,Boomerang,7.9,79.0,2019-07-11,22,TV Series,Fish Monster,Male,Animal,Fish,False,1,1,True,Male,1,Competition,0.0,1.0,0.0,0.0,0.0,0.0,0.0,2.0,0.0,0.0,1.0
561,Scooby-Doo and Guess Who?,Boomerang,8.1,78.0,2019-07-18,22,TV Series,Screaming Skulls of London,Male,Ghost,Skull,False,1,3,True,"Male,Male",2,Theft,0.0,0.0,0.0,0.0,0.0,0.0,0.0,1.0,0.0,0.0,0.0
562,Warner Home Video,Warner Home Video,5.7,1418.0,2019-07-21,80,Movie,"Zombies,Werecat Simone Lenoir,Werecat Lena Dupree,Werecat Jacques,Werecat","Male,Female,Female,Male,Male","Undead,Animal,Animal,Animal,Animal","Human,Werecat,Werecat,Werecat,Werecat",False,5,12,True,"Male,Female,Female,Male,Male,Male,Female",7,Treasure,0.0,1.0,1.0,1.0,0.0,0.0,0.0,0.0,0.0,0.0,1.0
563,Scooby-Doo and Guess Who?,Boomerang,7.3,84.0,2019-07-25,23,TV Series,Cat Mummy,Male,Undead,Cat,False,1,3,True,Male,1,Theft,0.0,1.0,1.0,0.0,0.0,1.0,0.0,1.0,0.0,0.0,1.0
564,Scooby-Doo and Guess Who?,Boomerang,8.1,74.0,2019-08-01,22,TV Series,Minotaur,Male,Mythical,Minotaur,False,1,2,True,Male,1,Treasure,0.0,1.0,0.0,0.0,0.0,0.0,0.0,2.0,0.0,0.0,1.0
565,Scooby-Doo and Guess Who?,Boomerang,8.3,70.0,2019-08-08,22,TV Series,"Ghost of Madds Markson,Madds Markson Monster","Male,Male","Undead,Animal","Human,Bunny",False,2,3,False,Male,1,Entertainment,0.0,0.0,0.0,0.0,1.0,1.0,0.0,0.0,0.0,0.0,0.0
566,Scooby-Doo and Guess Who?,Boomerang,6.5,74.0,2019-08-15,22,TV Series,Technomancer,Male,Magician,Human,False,1,4,True,Female,1,Natural Resource,0.0,0.0,0.0,1.0,0.0,2.0,0.0,2.0,0.0,0.0,0.0
567,Scooby-Doo and Guess Who?,Boomerang,7.5,52.0,2019-08-22,23,TV Series,Spectral Speedster,Male,Ghost,Monster,False,1,3,True,Male,1,Competition,0.0,1.0,1.0,1.0,1.0,0.0,0.0,2.0,0.0,0.0,0.0
568,Scooby-Doo and Guess Who?,Boomerang,7.5,61.0,2019-08-29,23,TV Series,"Dinosaur,Dinosaur","Male,Male","Animal,Animal","Dinosaur,Dinosaur",False,2,4,True,"Male,Male",2,Natural Resource,0.0,0.0,0.0,2.0,1.0,0.0,0.0,3.0,0.0,0.0,0.0
569,Scooby-Doo and Guess Who?,Boomerang,7.4,59.0,2019-09-05,22,TV Series,Sia Doppelganger,Female,Disguised,Human,False,1,5,True,Female,1,Theft,0.0,0.0,1.0,3.0,2.0,1.0,0.0,2.0,0.0,0.0,1.0
570,Scooby-Doo and Guess Who?,Boomerang,7.4,47.0,2019-09-12,23,TV Series,Pazzo the Ghost Clown,Male,Ghost,Human,False,1,4,True,Male,1,Competition,0.0,0.0,0.0,0.0,2.0,1.0,0.0,2.0,0.0,0.0,1.0
571,Scooby-Doo and Guess Who?,Boomerang,8.7,84.0,2019-09-19,22,TV Series,Man-Bat,Male,Animal,Bat,False,1,3,True,Male,1,Theft,1.0,1.0,1.0,2.0,0.0,1.0,0.0,4.0,0.0,0.0,1.0
574,Scooby-Doo and Guess Who?,Boomerang,8.1,38.0,2020-07-02,23,TV Series,Nightmare Ghost,Male,Ghost,Human,False,1,2,True,Female,1,Inheritance,0.0,1.0,1.0,1.0,1.0,0.0,0.0,3.0,0.0,0.0,0.0
575,Scooby-Doo and Guess Who?,Boomerang,8.8,35.0,2020-07-02,23,TV Series,Fox Monster,Male,Animal,Fox,False,1,3,True,Male,1,Theft,0.0,0.0,0.0,1.0,0.0,1.0,0.0,0.0,0.0,0.0,0.0
576,Scooby-Doo and Guess Who?,Boomerang,7.9,36.0,2020-07-02,23,TV Series,"Miner Forty-Niner,Ghost of Captain Cutler,Spooky Space Kook,Snow Ghost,Clown,Ghost of Redbeard,Back Knight,Witch,Witch Doctor,Phantom,Creeper,Giant Teddy Bear","Male,Male,Male,Male,Male,Male,Male,Female,Male,Male,Male,Male","Ancient,Ghost,Extraterrestrial,Animal,Disguised,Ghost,Possessed Object,Magician,Magician,Ghost,Undead,Possessed Object,","Human,Human,Alien,Snow-Monster,Human,Human,Object,Human,Human,Human,Human,Teddy Bear",False,12,1,True,"Male,Male,Male,Male,Male,Male,Female,Male,Male,Male,Male",11,Competition,0.0,0.0,0.0,1.0,1.0,0.0,0.0,1.0,0.0,0.0,1.0
577,Scooby-Doo and Guess Who?,Boomerang,8.1,25.0,2020-07-02,22,TV Series,Ghost of the Doom Bringer,Male,Possessed Object,Suit,False,1,4,True,Male,1,Inheritance,0.0,0.0,0.0,3.0,6.0,0.0,0.0,4.0,0.0,0.0,1.0
578,Scooby-Doo and Guess Who?,Boomerang,7.8,27.0,2020-07-02,22,TV Series,Gator Man Monster,Male,Animal,Alligator,False,1,4,True,Male,1,Treasure,0.0,1.0,0.0,2.0,2.0,0.0,0.0,2.0,0.0,0.0,1.0
579,Scooby-Doo and Guess Who?,Boomerang,7.7,23.0,2020-07-02,22,TV Series,Fire Monster of Mount Etna,Male,Animal,Fire-Monster,False,1,3,True,Female,1,Competition,0.0,0.0,1.0,1.0,1.0,0.0,0.0,1.0,0.0,0.0,0.0
580,Scooby-Doo and Guess Who?,Boomerang,8.2,28.0,2020-07-02,22,TV Series,Crazy Carl,Male,Possessed Object,Puppet,False,1,6,True,Male,1,Competition,0.0,0.0,0.0,1.0,0.0,0.0,0.0,1.0,0.0,0.0,0.0
581,Scooby-Doo and Guess Who?,Boomerang,7.6,22.0,2020-07-02,22,TV Series,Ghost of Madame Zobrinsky,Female,Ghost,Human,False,1,2,False,Female,1,Competition,0.0,0.0,0.0,2.0,2.0,0.0,0.0,0.0,0.0,0.0,1.0
582,Scooby-Doo and Guess Who?,Boomerang,8.6,19.0,2020-07-02,22,TV Series,Wedding Witch of Wainsly Hall,Female,Magician,Human,False,1,3,True,Female,1,Theft,0.0,0.0,0.0,0.0,1.0,0.0,0.0,1.0,0.0,0.0,1.0
583,Scooby-Doo and Guess Who?,Boomerang,7.9,21.0,2020-07-02,22,TV Series,"Chronobeast,Robo Dooby Doo","Male,Male","Animal,Mechanical","Chronobeast,Hound",False,2,0,False,Male,1,Simulation,0.0,0.0,0.0,2.0,2.0,0.0,1.0,3.0,0.0,0.0,0.0
584,Scooby-Doo and Guess Who?,Boomerang,8.4,25.0,2020-07-02,22,TV Series,Ghost of Ester Moonkiller,Female,Ghost,Human,False,1,3,True,Female,1,Competition,0.0,0.0,0.0,0.0,0.0,0.0,0.0,0.0,0.0,0.0,1.0
585,Scooby-Doo and Guess Who?,Boomerang,7.6,27.0,2020-07-02,23,TV Series,Werewolf,Male,Animal,Human,False,1,4,True,Male,1,Competition,0.0,1.0,0.0,0.0,1.0,0.0,0.0,0.0,1.0,0.0,1.0
586,Scooby-Doo and Guess Who?,Boomerang,8.2,24.0,2020-07-02,22,TV Series,Tardigrade Monster,Male,Animal,Tardigrade,False,1,4,True,"Male,Male",2,Theft,0.0,0.0,1.0,1.0,0.0,0.0,0.0,3.0,0.0,0.0,0.0
600,Warner Home Video,Warner Home Video,6.3,978.0,2020-10-06,76,Movie,"Alpha Jackal-Lantern,Jackal-Lanterns","Male,Male","Plant,Plant","Pumpkin,Pumpkin",False,2,5,True,"Male,Male",2,Natural Resource,0.0,0.0,0.0,2.0,0.0,0.0,0.0,1.0,0.0,0.0,0.0
601,Warner Home Video,Warner Home Video,6.2,422.0,2020-02-23,77,Movie,"Morgan le Fay,Black Knight","Female,Male","Magician,Possessed Object","Human,Object",False,2,8,True,Female,1,Competition,0.0,3.0,0.0,0.0,0.0,0.0,0.0,0.0,0.0,0.0,1.0
